num_preto_1;num_branco_1;num_preto_2;num_branco_2;num_preto_3;num_branco_3;num_preto_4;num_branco_4;num_preto_5;num_branco_5;num_preto_6;num_branco_6;num_preto_7;num_branco_7;num_preto_8;num_branco_9;label
27;5;25;7;31;1;0;32;20;12;23;9;16;16;26;6;2;30;7
26;6;27;5;29;3;0;32;13;19;25;7;8;24;30;2;4;28;7
26;6;24;8;29;3;1;31;23;9;20;12;20;12;23;9;0;32;7
27;13;22;18;36;4;0;40;16;24;30;10;15;25;31;9;0;40;7
18;14;26;6;31;1;1;31;25;7;13;19;19;13;22;10;0;32;7
29;7;21;15;33;3;0;36;18;18;29;7;14;22;32;4;4;32;7
49;29;48;30;78;0;0;78;47;31;47;31;47;31;49;29;1;77;7
32;4;28;8;33;3;2;34;11;25;34;2;7;29;34;2;11;25;7
30;6;29;7;34;2;0;36;12;24;29;7;12;24;30;6;2;34;7
27;5;27;5;29;3;6;26;14;18;28;4;6;26;30;2;7;25;7
56;10;60;6;66;0;0;66;39;27;56;10;21;45;64;2;13;53;7
13;19;20;12;31;1;0;32;16;16;26;6;15;17;26;6;2;30;7
28;4;27;5;31;1;5;27;5;27;28;4;1;31;27;5;10;22;7
23;9;24;8;29;3;0;32;18;14;26;6;11;21;28;4;2;30;7
52;14;58;8;66;0;0;66;42;24;51;15;25;41;58;8;7;59;7
20;1;15;6;19;2;1;20;0;21;17;4;0;21;11;10;11;10;7
32;0;24;8;32;0;3;29;21;11;19;13;17;15;23;9;1;31;7
75;16;73;18;89;2;1;90;55;36;47;44;22;69;70;21;1;90;7
52;14;58;8;66;0;0;66;35;31;41;25;26;40;52;14;2;64;7
61;5;49;17;65;1;7;59;31;35;38;28;15;51;50;16;5;61;7
28;4;27;5;32;0;0;32;18;14;28;4;16;16;28;4;4;28;7
31;1;27;5;32;0;6;26;11;21;30;2;2;30;30;2;12;20;7
23;5;24;4;25;3;0;28;3;25;27;1;0;28;21;7;14;14;7
30;6;24;12;33;3;0;36;16;20;29;7;16;20;28;8;2;34;7
59;32;69;22;89;2;0;91;62;29;75;16;40;51;88;3;17;74;7
67;17;82;2;79;5;2;82;75;9;41;43;42;42;66;18;1;83;7
30;6;28;8;33;3;3;33;5;31;33;3;2;34;31;5;14;22;7
24;8;22;10;29;3;2;30;5;27;27;5;0;32;27;5;7;25;7
27;5;26;6;30;2;0;32;15;17;27;5;8;24;30;2;6;26;7
33;3;26;10;36;0;3;33;13;23;31;5;4;32;33;3;7;29;7
50;22;59;13;67;5;2;70;40;32;54;18;20;52;59;13;6;66;7
23;9;21;11;32;0;0;32;14;18;14;18;14;18;17;15;0;32;7
24;12;18;18;33;3;0;36;13;23;19;17;8;28;24;12;0;36;7
26;10;19;17;29;7;0;36;11;25;27;9;5;31;34;2;8;28;7
29;7;21;15;36;0;0;36;23;13;21;15;21;15;24;12;0;36;7
27;5;26;6;29;3;0;32;21;11;20;12;17;15;25;7;1;31;7
13;19;20;12;32;0;0;32;16;16;25;7;5;27;31;1;6;26;7
14;18;20;12;31;1;0;32;23;9;15;17;13;19;28;4;1;31;7
27;9;21;15;32;4;0;36;25;11;19;17;23;13;22;14;0;36;7
45;39;48;36;48;36;31;53;45;39;77;7;32;52;81;3;22;62;7
22;14;25;11;33;3;0;36;14;22;30;6;15;21;30;6;2;34;7
25;7;23;9;32;0;0;32;24;8;13;19;20;12;17;15;0;32;7
39;1;25;15;38;2;0;40;16;24;33;7;12;28;35;5;5;35;7
84;28;97;15;85;27;18;94;102;10;44;68;51;61;74;38;0;112;7
30;2;25;7;30;2;4;28;14;18;24;8;8;24;27;5;2;30;7
26;10;29;7;35;1;0;36;14;22;34;2;11;25;35;1;10;26;7
56;16;62;10;72;0;4;68;56;16;37;35;48;24;42;30;0;72;7
57;15;53;19;68;4;16;56;20;52;61;11;0;72;54;18;23;49;7
46;4;34;16;47;3;5;45;9;41;44;6;2;48;41;9;14;36;7
65;26;71;20;88;3;3;88;64;27;65;26;34;57;84;7;10;81;7
48;56;76;28;99;5;2;102;77;27;43;61;65;39;54;50;0;104;7
28;8;25;11;36;0;0;36;14;22;26;10;17;19;25;11;1;35;7
56;10;53;13;66;0;3;63;51;15;39;27;37;29;57;9;3;63;7
55;11;56;10;66;0;0;66;41;25;54;12;26;40;62;4;10;56;7
37;8;36;9;45;0;2;43;21;24;27;18;2;43;40;5;3;42;7
21;7;23;5;28;0;0;28;11;17;26;2;4;24;27;1;8;20;7
37;8;29;16;43;2;3;42;11;34;36;9;0;45;33;12;16;29;7
59;13;64;8;67;5;0;72;48;24;60;12;34;38;68;4;11;61;7
33;3;21;15;31;5;0;36;9;27;30;6;5;31;28;8;4;32;7
6;34;26;14;36;4;0;40;13;27;22;18;7;33;32;8;2;38;7
16;5;15;6;19;2;0;21;2;19;19;2;3;18;17;4;4;17;7
18;47;34;31;23;42;22;43;25;40;61;4;0;65;48;17;22;43;7
27;9;21;15;29;7;0;36;13;23;27;9;16;20;27;9;2;34;7
25;25;29;21;44;6;1;49;34;16;16;34;34;16;23;27;0;50;7
35;1;20;16;28;8;2;34;3;33;29;7;1;35;28;8;7;29;7
31;14;38;7;43;2;0;45;30;15;16;29;24;21;24;21;0;45;7
27;17;35;9;28;16;13;31;9;35;38;6;5;39;38;6;13;31;7
29;7;25;11;34;2;0;36;21;15;25;11;12;24;32;4;3;33;7
31;14;33;12;44;1;0;45;9;36;36;9;0;45;33;12;9;36;7
30;2;25;7;32;0;3;29;12;20;26;6;13;19;29;3;4;28;7
21;11;23;9;32;0;0;32;19;13;20;12;20;12;18;14;0;32;7
30;2;29;3;32;0;0;32;17;15;30;2;11;21;31;1;8;24;7
28;8;27;9;35;1;4;32;25;11;21;15;31;5;22;14;1;35;7
14;18;17;15;32;0;0;32;20;12;22;10;14;18;30;2;4;28;7
21;11;17;15;30;2;0;32;9;23;23;9;3;29;27;5;8;24;7
31;1;21;11;32;0;0;32;15;17;23;9;8;24;28;4;2;30;7
20;4;15;9;17;7;0;24;2;22;20;4;0;24;17;7;20;4;7
29;11;24;16;40;0;0;40;15;25;29;11;5;35;36;4;3;37;7
31;1;22;10;32;0;3;29;12;20;25;7;6;26;29;3;3;29;7
41;25;43;23;59;7;0;66;20;46;46;20;15;51;63;3;9;57;7
17;15;23;9;32;0;0;32;23;9;16;16;19;13;21;11;0;32;7
23;9;25;7;32;0;0;32;22;10;20;12;16;16;27;5;1;31;7
56;16;59;13;67;5;1;71;53;19;44;28;37;35;58;14;2;70;7
46;4;34;16;47;3;5;45;9;41;44;6;2;48;41;9;14;36;7
25;7;27;5;31;1;3;29;6;26;31;1;1;31;26;6;21;11;7
26;6;25;7;32;0;0;32;15;17;28;4;8;24;30;2;6;26;7
55;17;45;27;69;3;0;72;33;39;54;18;21;51;58;14;4;68;7
59;13;57;15;66;6;0;72;38;34;58;14;16;56;67;5;13;59;7
16;16;21;11;32;0;1;31;25;7;16;16;18;14;23;9;0;32;7
50;16;55;11;66;0;1;65;50;16;38;28;42;24;46;20;2;64;7
17;19;22;14;35;1;0;36;19;17;27;9;8;28;35;1;3;33;7
27;5;25;7;32;0;1;31;26;6;19;13;23;9;20;12;0;32;7
24;8;24;8;30;2;0;32;2;30;29;3;0;32;18;14;23;9;7
45;39;68;16;79;5;0;84;50;34;39;45;24;60;69;15;2;82;7
66;18;59;25;82;2;4;80;31;53;56;28;2;82;68;16;13;71;7
29;7;21;15;36;0;0;36;23;13;21;15;21;15;24;12;0;36;7
30;2;28;4;32;0;6;26;10;22;30;2;2;30;29;3;13;19;7
17;15;22;10;32;0;0;32;20;12;21;11;15;17;25;7;1;31;7
16;20;22;14;36;0;0;36;23;13;24;12;18;18;27;9;0;36;7
29;3;27;5;32;0;4;28;10;22;29;3;3;29;30;2;9;23;7
27;5;24;8;30;2;3;29;6;26;29;3;1;31;27;5;9;23;7
33;3;25;11;35;1;1;35;12;24;30;6;7;29;33;3;6;30;7
23;5;24;4;25;3;0;28;3;25;27;1;0;28;21;7;14;14;7
19;13;26;6;31;1;0;32;16;16;27;5;8;24;30;2;5;27;7
24;8;22;10;29;3;0;32;14;18;24;8;9;23;28;4;3;29;7
25;7;26;6;32;0;0;32;17;15;23;9;16;16;26;6;1;31;7
69;22;75;16;88;3;0;91;65;26;60;31;39;52;84;7;9;82;7
30;2;23;9;29;3;3;29;5;27;29;3;1;31;25;7;9;23;7
25;20;31;14;44;1;0;45;30;15;26;19;19;26;37;8;1;44;7
62;22;75;9;79;5;0;84;57;27;55;29;10;74;71;13;6;78;7
26;6;24;8;32;0;0;32;23;9;18;14;15;17;23;9;0;32;7
15;12;12;15;19;8;1;26;14;13;21;6;20;7;26;1;7;20;7
27;5;22;10;32;0;0;32;18;14;22;10;12;20;28;4;2;30;7
26;6;28;4;30;2;2;30;26;6;14;18;26;6;16;16;0;32;7
26;6;24;8;30;2;0;32;18;14;23;9;14;18;26;6;1;31;7
27;18;30;15;44;1;1;44;33;12;16;29;26;19;25;20;0;45;7
38;7;32;13;45;0;3;42;23;22;25;20;12;33;37;8;2;43;7
28;4;29;3;30;2;4;28;6;26;31;1;2;30;27;5;16;16;7
19;13;22;10;32;0;2;30;25;7;20;12;23;9;21;11;1;31;7
27;5;27;5;31;1;3;29;6;26;29;3;2;30;27;5;13;19;7
24;8;23;9;32;0;0;32;14;18;28;4;6;26;30;2;7;25;7
29;3;21;11;32;0;1;31;19;13;15;17;13;19;19;13;0;32;7
46;38;72;12;84;0;15;69;51;33;54;30;28;56;62;22;2;82;7
21;11;26;6;32;0;0;32;17;15;25;7;15;17;26;6;2;30;7
26;10;26;10;35;1;0;36;17;19;30;6;12;24;32;4;4;32;7
67;5;57;15;72;0;9;63;34;38;60;12;14;58;67;5;12;60;7
12;20;17;15;27;5;0;32;15;17;23;9;9;23;26;6;2;30;7
23;22;22;23;45;0;0;45;27;18;20;25;18;27;29;16;0;45;7
27;5;27;5;31;1;3;29;6;26;29;3;2;30;27;5;13;19;7
11;13;9;15;10;14;0;24;0;24;17;7;0;24;14;10;6;18;7
30;6;24;12;28;8;0;36;0;36;28;8;0;36;15;21;24;12;7
57;15;62;10;70;2;4;68;59;13;50;22;46;26;56;16;2;70;7
64;20;79;5;84;0;0;84;49;35;51;33;20;64;69;15;2;82;7
40;10;33;17;50;0;0;50;33;17;28;22;28;22;32;18;0;50;7
15;17;21;11;32;0;0;32;20;12;25;7;9;23;31;1;5;27;7
23;13;21;15;33;3;1;35;17;19;23;13;22;14;16;20;0;36;7
51;33;75;9;65;19;12;72;79;5;25;59;68;16;46;38;0;84;7
26;6;21;11;29;3;0;32;7;25;30;2;2;30;27;5;13;19;7
28;4;26;6;32;0;0;32;22;10;23;9;14;18;27;5;1;31;7
29;3;22;10;31;1;3;29;17;15;17;15;12;20;21;11;0;32;7
15;17;20;12;31;1;0;32;12;20;32;0;3;29;29;3;17;15;7
25;7;23;9;32;0;0;32;24;8;13;19;20;12;17;15;0;32;7
16;16;24;8;32;0;0;32;16;16;26;6;10;22;28;4;2;30;7
14;18;18;14;31;1;0;32;17;15;21;11;12;20;28;4;1;31;7
22;10;25;7;32;0;0;32;15;17;22;10;8;24;28;4;2;30;7
23;5;24;4;25;3;0;28;3;25;27;1;0;28;21;7;14;14;7
28;4;26;6;31;1;0;32;19;13;24;8;13;19;27;5;2;30;7
25;7;21;11;27;5;3;29;5;27;28;4;0;32;25;7;7;25;7
56;4;50;10;60;0;2;58;20;40;59;1;4;56;55;5;32;28;7
18;14;26;6;32;0;0;32;18;14;27;5;16;16;29;3;4;28;7
32;4;24;12;36;0;1;35;17;19;24;12;14;22;28;8;1;35;7
15;17;23;9;31;1;0;32;22;10;20;12;14;18;26;6;1;31;7
60;12;62;10;71;1;0;72;47;25;50;22;27;45;54;18;3;69;7
30;6;27;9;36;0;0;36;22;14;25;11;16;20;28;8;2;34;7
25;7;20;12;32;0;0;32;16;16;25;7;13;19;27;5;2;30;7
21;11;18;14;28;4;0;32;6;26;27;5;2;30;26;6;6;26;7
67;24;83;8;90;1;2;89;73;18;44;47;45;46;74;17;3;88;7
26;6;22;10;29;3;0;32;15;17;26;6;9;23;31;1;6;26;7
27;5;21;11;29;3;3;29;5;27;27;5;1;31;25;7;7;25;7
26;6;23;9;29;3;1;31;23;9;21;11;22;10;22;10;1;31;7
59;13;40;32;68;4;0;72;45;27;29;43;40;32;38;34;0;72;7
27;5;26;6;29;3;0;32;21;11;20;12;17;15;25;7;1;31;7
22;14;22;14;33;3;0;36;28;8;15;21;20;16;25;11;0;36;7
26;6;26;6;31;1;0;32;21;11;24;8;11;21;28;4;2;30;7
24;12;25;11;33;3;2;34;30;6;13;23;27;9;20;16;0;36;7
38;34;53;19;69;3;1;71;58;14;35;37;35;37;56;16;0;72;7
31;5;31;5;34;2;5;31;11;25;32;4;7;29;32;4;7;29;7
20;12;27;5;32;0;0;32;23;9;20;12;19;13;22;10;0;32;7
31;5;29;7;36;0;0;36;21;15;30;6;16;20;32;4;5;31;7
33;3;26;10;35;1;3;33;14;22;31;5;4;32;35;1;7;29;7
28;4;26;6;29;3;0;32;20;12;25;7;15;17;28;4;3;29;7
30;2;27;5;32;0;0;32;18;14;26;6;9;23;31;1;5;27;7
58;20;50;28;78;0;1;77;51;27;49;29;48;30;55;23;1;77;7
59;7;63;3;56;10;3;63;43;23;51;15;24;42;62;4;8;58;7
58;14;63;9;67;5;2;70;53;19;51;21;30;42;57;15;4;68;7
46;4;28;22;49;1;1;49;20;30;32;18;9;41;41;9;2;48;7
13;19;17;15;29;3;0;32;15;17;25;7;5;27;31;1;4;28;7
42;8;37;13;47;3;2;48;37;13;14;36;36;14;19;31;0;50;7
35;1;29;7;34;2;3;33;2;34;30;6;0;36;29;7;15;21;7
21;11;26;6;32;0;0;32;17;15;25;7;15;17;26;6;2;30;7
66;18;77;7;77;7;5;79;65;19;69;15;26;58;81;3;15;69;7
29;7;21;15;36;0;0;36;23;13;21;15;21;15;24;12;0;36;7
27;5;23;9;32;0;0;32;13;19;30;2;7;25;31;1;10;22;7
35;1;24;12;32;4;1;35;8;28;34;2;3;33;33;3;12;24;7
62;29;82;9;82;9;6;85;84;7;33;58;65;26;64;27;0;91;7
26;6;24;8;29;3;1;31;23;9;20;12;20;12;23;9;0;32;7
17;15;20;12;32;0;0;32;16;16;29;3;6;26;32;0;11;21;7
28;4;26;6;32;0;0;32;17;15;25;7;11;21;30;2;4;28;7
25;7;26;6;32;0;0;32;17;15;23;9;16;16;26;6;1;31;7
23;9;25;7;32;0;0;32;17;15;26;6;9;23;30;2;5;27;7
33;3;26;10;34;2;3;33;13;23;30;6;9;27;29;7;4;32;7
31;1;24;8;32;0;4;28;10;22;27;5;2;30;28;4;7;25;7
49;29;42;36;77;1;2;76;57;21;35;43;54;24;39;39;0;78;7
27;13;22;18;36;4;0;40;16;24;30;10;15;25;31;9;0;40;7
17;19;24;12;36;0;1;35;26;10;24;12;20;16;28;8;1;35;7
26;6;26;6;31;1;0;32;21;11;24;8;11;21;28;4;2;30;7
14;18;23;9;32;0;1;31;24;8;13;19;16;16;22;10;0;32;7
18;27;37;8;42;3;0;45;29;16;21;24;18;27;30;15;0;45;7
26;6;20;12;29;3;0;32;3;29;28;4;0;32;24;8;7;25;7
29;3;27;5;32;0;0;32;18;14;24;8;13;19;28;4;2;30;7
15;25;23;17;29;11;0;40;14;26;33;7;17;23;25;15;33;7;3
20;12;20;12;26;6;1;31;20;12;29;3;15;17;8;24;28;4;3
20;20;30;10;29;11;0;40;29;11;35;5;23;17;21;19;39;1;3
19;21;21;19;30;10;0;40;5;35;37;3;18;22;21;19;35;5;3
15;17;28;4;30;2;2;30;20;12;31;1;24;8;17;15;32;0;3
47;30;69;8;57;20;9;68;58;19;74;3;58;19;46;31;73;4;3
25;20;26;19;29;16;0;45;19;26;38;7;24;21;10;35;39;6;3
28;17;30;15;33;12;0;45;22;23;42;3;30;15;27;18;40;5;3
14;22;23;13;26;10;0;36;17;19;34;2;22;14;21;15;29;7;3
15;13;18;10;21;7;0;28;19;9;25;3;15;13;9;19;28;0;3
17;19;22;14;26;10;0;36;18;18;32;4;25;11;20;16;27;9;3
20;12;24;8;25;7;0;32;17;15;32;0;20;12;20;12;28;4;3
22;10;25;7;25;7;0;32;19;13;32;0;22;10;16;16;31;1;3
13;32;20;25;22;23;0;45;29;16;30;15;32;13;25;20;44;1;3
23;22;29;16;30;15;0;45;24;21;39;6;27;18;25;20;44;1;3
15;17;25;7;27;5;0;32;15;17;31;1;23;9;19;13;29;3;3
31;14;27;18;30;15;0;45;9;36;41;4;11;34;21;24;32;13;3
20;25;26;19;16;29;3;42;30;15;21;24;28;17;30;15;33;12;3
25;7;25;7;30;2;0;32;3;29;29;3;17;15;10;22;22;10;3
9;15;11;13;12;12;0;24;5;19;14;10;13;11;12;12;11;13;3
14;18;26;6;26;6;2;30;8;24;28;4;18;14;15;17;24;8;3
18;14;21;11;26;6;0;32;11;21;30;2;16;16;19;13;25;7;3
22;14;22;14;27;9;0;36;11;25;32;4;21;15;23;13;30;6;3
23;9;23;9;26;6;0;32;3;29;27;5;15;17;13;19;22;10;3
18;14;25;7;28;4;0;32;19;13;31;1;26;6;20;12;30;2;3
26;6;27;5;28;4;2;30;21;11;32;0;26;6;18;14;31;1;3
10;22;19;13;25;7;0;32;12;20;29;3;19;13;8;24;27;5;3
14;18;18;14;23;9;0;32;10;22;29;3;17;15;10;22;24;8;3
9;23;25;7;29;3;0;32;17;15;31;1;26;6;23;9;29;3;3
18;14;20;12;24;8;3;29;23;9;29;3;20;12;12;20;32;0;3
16;16;22;10;24;8;0;32;18;14;30;2;21;11;14;18;29;3;3
15;17;24;8;25;7;2;30;13;19;29;3;21;11;13;19;29;3;3
11;21;22;10;25;7;0;32;8;24;29;3;21;11;12;20;27;5;3
18;14;23;9;25;7;0;32;20;12;28;4;18;14;13;19;27;5;3
8;24;21;11;25;7;0;32;12;20;28;4;24;8;16;16;26;6;3
21;11;20;12;25;7;0;32;20;12;32;0;24;8;18;14;29;3;3
18;32;31;19;38;12;0;50;14;36;45;5;26;24;35;15;40;10;3
35;5;25;15;35;5;0;40;8;32;38;2;23;17;17;23;36;4;3
9;23;23;9;24;8;0;32;13;19;27;5;15;17;10;22;20;12;3
21;11;25;7;25;7;0;32;13;19;31;1;16;16;21;11;29;3;3
30;15;32;13;34;11;0;45;26;19;42;3;32;13;26;19;38;7;3
56;35;58;33;68;23;0;91;16;75;84;7;39;52;46;45;72;19;3
19;21;26;14;23;17;1;39;25;15;30;10;22;18;21;19;39;1;3
20;12;23;9;23;9;0;32;13;19;31;1;20;12;15;17;28;4;3
24;8;18;14;25;7;0;32;4;28;30;2;7;25;11;21;21;11;3
9;27;25;11;29;7;0;36;0;36;26;10;24;12;21;15;28;8;3
10;30;27;13;35;5;0;40;24;16;35;5;21;19;16;24;39;1;3
10;30;30;10;35;5;0;40;24;16;38;2;21;19;14;26;36;4;3
68;16;62;22;73;11;0;84;19;65;81;3;58;26;52;32;75;9;3
11;21;18;14;24;8;0;32;15;17;30;2;21;11;14;18;26;6;3
17;15;27;5;30;2;0;32;18;14;32;0;26;6;18;14;30;2;3
17;19;28;8;28;8;0;36;13;23;31;5;19;17;8;28;25;11;3
19;13;25;7;27;5;0;32;11;21;31;1;16;16;11;21;27;5;3
25;47;45;27;54;18;0;72;32;40;64;8;44;28;42;30;52;20;3
13;19;25;7;27;5;0;32;13;19;30;2;24;8;18;14;28;4;3
20;12;21;11;28;4;0;32;18;14;32;0;27;5;18;14;28;4;3
10;22;19;13;25;7;0;32;14;18;30;2;16;16;11;21;23;9;3
18;14;19;13;21;11;0;32;12;20;30;2;21;11;12;20;27;5;3
10;22;23;9;25;7;0;32;17;15;30;2;20;12;13;19;28;4;3
15;17;25;7;27;5;0;32;15;17;31;1;23;9;19;13;29;3;3
23;9;21;11;24;8;0;32;4;28;30;2;5;27;13;19;21;11;3
24;12;27;9;31;5;0;36;18;18;34;2;27;9;26;10;32;4;3
31;53;55;29;69;15;3;81;44;40;71;13;55;29;50;34;61;23;3
17;15;24;8;27;5;2;30;21;11;32;0;27;5;22;10;30;2;3
15;17;22;10;28;4;0;32;17;15;31;1;19;13;18;14;27;5;3
16;16;21;11;27;5;0;32;18;14;30;2;19;13;9;23;27;5;3
15;30;28;17;35;10;0;45;25;20;42;3;26;19;21;24;41;4;3
25;20;38;7;41;4;0;45;28;17;44;1;38;7;24;21;42;3;3
19;9;20;8;25;3;0;28;13;15;28;0;24;4;15;13;25;3;3
19;9;20;8;25;3;0;28;13;15;28;0;24;4;15;13;25;3;3
20;12;22;10;27;5;0;32;19;13;31;1;23;9;20;12;28;4;3
55;29;58;26;50;34;2;82;59;25;79;5;49;35;57;27;75;9;3
23;21;22;22;30;14;0;44;9;35;39;5;20;24;21;23;32;12;3
28;22;32;18;27;23;4;46;30;20;36;14;32;18;30;20;31;19;3
24;21;29;16;29;16;0;45;20;25;41;4;27;18;24;21;40;5;3
17;19;25;11;28;8;0;36;13;23;34;2;22;14;21;15;27;9;3
30;10;24;16;34;6;0;40;9;31;38;2;26;14;17;23;36;4;3
14;26;27;13;31;9;0;40;21;19;34;6;17;23;11;29;36;4;3
27;39;52;14;56;10;7;59;35;31;63;3;43;23;41;25;62;4;3
16;34;35;15;41;9;0;50;25;25;49;1;35;15;33;17;40;10;3
26;24;30;20;33;17;0;50;5;45;46;4;29;21;29;21;41;9;3
13;19;22;10;23;9;0;32;10;22;24;8;17;15;8;24;21;11;3
24;16;26;14;33;7;3;37;16;24;37;3;23;17;26;14;37;3;3
31;9;32;8;32;8;0;40;29;11;36;4;30;10;25;15;39;1;3
10;22;19;13;25;7;0;32;14;18;30;2;16;16;11;21;23;9;3
25;20;32;13;30;15;0;45;28;17;41;4;26;19;14;31;42;3;3
14;18;26;6;26;6;2;30;8;24;28;4;18;14;15;17;24;8;3
25;30;28;27;33;22;12;43;26;29;52;3;25;30;37;18;52;3;3
28;8;22;14;30;6;22;14;21;15;32;4;28;8;24;12;31;5;3
35;5;25;15;35;5;0;40;8;32;38;2;23;17;17;23;36;4;3
22;10;22;10;28;4;0;32;21;11;32;0;28;4;19;13;31;1;3
15;17;25;7;26;6;0;32;12;20;30;2;22;10;17;15;27;5;3
30;20;29;21;32;18;3;47;29;21;43;7;32;18;36;14;48;2;3
24;12;25;11;30;6;0;36;17;19;32;4;25;11;13;23;27;9;3
16;12;18;10;25;3;0;28;11;17;27;1;18;10;13;15;25;3;3
21;15;26;10;27;9;0;36;14;22;32;4;22;14;25;11;29;7;3
12;20;23;9;26;6;0;32;9;23;29;3;17;15;19;13;27;5;3
25;11;33;3;34;2;4;32;25;11;36;0;29;7;27;9;32;4;3
20;12;25;7;26;6;3;29;13;19;30;2;22;10;12;20;25;7;3
9;12;17;4;17;4;0;21;7;14;18;3;12;9;7;14;13;8;3
20;12;20;12;23;9;0;32;18;14;31;1;23;9;14;18;28;4;3
19;17;21;15;25;11;0;36;18;18;33;3;28;8;22;14;31;5;3
10;26;25;11;26;10;0;36;3;33;30;6;19;17;14;22;30;6;3
22;10;26;6;27;5;1;31;14;18;30;2;16;16;12;20;24;8;3
19;9;20;8;25;3;0;28;13;15;28;0;24;4;15;13;25;3;3
30;15;30;15;26;19;0;45;12;33;39;6;3;42;32;13;31;14;3
61;37;76;22;54;44;1;97;38;60;84;14;35;63;45;53;78;20;3
20;20;30;10;29;11;0;40;29;11;35;5;23;17;21;19;39;1;3
16;16;24;8;27;5;0;32;18;14;31;1;23;9;17;15;29;3;3
43;23;49;17;50;16;0;66;26;40;65;1;27;39;41;25;56;10;3
34;32;55;11;59;7;4;62;40;26;65;1;52;14;39;27;63;3;3
16;12;18;10;22;6;0;28;7;21;25;3;18;10;10;18;19;9;3
22;10;24;8;26;6;0;32;14;18;30;2;18;14;9;23;24;8;3
17;15;25;7;26;6;0;32;20;12;31;1;19;13;13;19;27;5;3
10;18;22;6;25;3;0;28;9;19;26;2;15;13;12;16;25;3;3
17;15;25;7;28;4;0;32;21;11;31;1;23;9;19;13;29;3;3
12;20;17;15;28;4;0;32;13;19;30;2;18;14;15;17;23;9;3
15;21;24;12;28;8;0;36;17;19;33;3;21;15;21;15;28;8;3
10;22;21;11;25;7;0;32;13;19;30;2;21;11;18;14;29;3;3
21;11;24;8;23;9;0;32;16;16;31;1;20;12;17;15;28;4;3
16;16;20;12;25;7;0;32;18;14;28;4;19;13;13;19;27;5;3
15;25;27;13;31;9;0;40;17;23;37;3;16;24;26;14;34;6;3
8;24;18;14;24;8;0;32;11;21;28;4;16;16;9;23;22;10;3
24;16;21;19;29;11;3;37;10;30;35;5;20;20;21;19;34;6;3
24;8;27;5;30;2;0;32;19;13;31;1;26;6;17;15;28;4;3
13;19;25;7;27;5;0;32;13;19;30;2;24;8;18;14;28;4;3
10;22;22;10;25;7;0;32;13;19;28;4;20;12;13;19;28;4;3
17;33;24;26;36;14;0;50;18;32;43;7;25;25;31;19;44;6;3
22;23;29;16;35;10;0;45;21;24;41;4;29;16;20;25;39;6;3
38;46;54;30;6;78;14;70;60;24;7;77;26;58;60;24;18;66;3
21;11;20;12;25;7;0;32;20;12;32;0;24;8;18;14;29;3;3
14;18;28;4;28;4;2;30;14;18;30;2;21;11;18;14;29;3;3
17;19;26;10;29;7;0;36;13;23;30;6;23;13;9;27;26;10;3
0;56;16;40;41;15;0;56;0;56;41;15;8;48;37;19;44;12;3
20;12;24;8;25;7;0;32;11;21;30;2;18;14;13;19;26;6;3
28;26;32;22;14;40;3;51;32;22;29;25;18;36;29;25;41;13;3
23;17;31;9;33;7;0;40;28;12;39;1;30;10;23;17;39;1;3
19;13;22;10;22;10;3;29;6;26;27;5;15;17;16;16;21;11;3
19;13;21;11;26;6;0;32;12;20;30;2;20;12;13;19;26;6;3
15;21;24;12;25;11;0;36;18;18;29;7;23;13;15;21;27;9;3
47;19;50;16;55;11;0;66;47;19;66;0;52;14;47;19;63;3;3
17;15;26;6;28;4;0;32;14;18;31;1;23;9;15;17;26;6;3
25;11;21;15;26;10;0;36;12;24;33;3;19;17;13;23;26;10;3
17;28;28;17;30;15;0;45;19;26;39;6;26;19;20;25;41;4;3
16;20;26;10;29;7;0;36;13;23;30;6;22;14;12;24;25;11;3
22;23;38;7;31;14;6;39;30;15;43;2;35;10;30;15;37;8;3
19;13;22;10;22;10;3;29;6;26;27;5;15;17;16;16;21;11;3
24;72;64;32;75;21;5;91;68;28;84;12;63;33;69;27;68;28;3
25;20;38;7;41;4;0;45;28;17;44;1;38;7;24;21;42;3;3
16;16;22;10;26;6;0;32;13;19;30;2;23;9;16;16;29;3;3
25;20;33;12;35;10;0;45;23;22;44;1;27;18;26;19;40;5;3
9;36;27;18;31;14;0;45;24;21;31;14;26;19;27;18;42;3;3
38;46;54;30;6;78;14;70;60;24;7;77;26;58;60;24;18;66;3
11;10;18;3;17;4;0;21;4;17;15;6;12;9;5;16;11;10;3
14;22;17;19;21;15;0;36;8;28;33;3;23;13;16;20;28;8;3
35;37;44;28;56;16;0;72;33;39;68;4;52;20;28;44;60;12;3
19;13;23;9;26;6;0;32;19;13;32;0;26;6;16;16;30;2;3
20;16;21;15;25;11;0;36;8;28;32;4;24;12;17;19;31;5;3
21;19;36;4;35;5;2;38;33;7;40;0;37;3;33;7;37;3;3
15;35;27;23;39;11;0;50;19;31;47;3;33;17;28;22;45;5;3
32;18;29;21;37;13;0;50;23;27;48;2;33;17;20;30;45;5;3
16;20;23;13;26;10;0;36;18;18;29;7;20;16;12;24;25;11;3
23;13;27;9;31;5;0;36;19;17;34;2;25;11;22;14;27;9;3
18;14;25;7;26;6;0;32;19;13;31;1;24;8;22;10;29;3;3
25;20;26;19;29;16;0;45;19;26;38;7;24;21;10;35;39;6;3
33;7;30;10;15;25;0;40;24;16;33;7;9;31;17;23;29;11;3
19;17;27;9;28;8;0;36;10;26;33;3;19;17;21;15;30;6;3
15;21;17;19;9;27;0;36;7;29;28;8;22;14;14;22;21;15;3
20;12;25;7;26;6;3;29;13;19;30;2;22;10;12;20;25;7;3
15;17;20;12;26;6;0;32;20;12;32;0;22;10;20;12;30;2;3
36;6;32;10;13;29;0;42;24;18;30;12;12;30;21;21;39;3;3
20;20;24;16;29;11;0;40;13;27;34;6;29;11;22;18;30;10;3
17;15;23;9;26;6;0;32;14;18;29;3;23;9;16;16;23;9;3
19;26;26;19;28;17;2;43;27;18;43;2;30;15;25;20;43;2;3
20;12;19;13;27;5;0;32;2;30;28;4;23;9;18;14;26;6;3
17;15;21;11;24;8;0;32;16;16;30;2;15;17;14;18;23;9;3
16;12;23;5;25;3;0;28;16;12;28;0;18;10;14;14;25;3;3
15;17;21;11;26;6;0;32;3;29;30;2;20;12;21;11;29;3;3
23;17;28;12;29;11;0;40;24;16;36;4;22;18;14;26;38;2;3
24;12;26;10;27;9;0;36;15;21;33;3;21;15;20;16;28;8;3
24;21;32;13;38;7;0;45;27;18;45;0;32;13;29;16;42;3;3
18;32;31;19;38;12;0;50;14;36;45;5;26;24;35;15;40;10;3
16;16;24;8;29;3;0;32;13;19;30;2;23;9;19;13;25;7;3
14;18;23;9;30;2;0;32;17;15;31;1;25;7;20;12;28;4;3
15;17;24;8;23;9;0;32;13;19;30;2;20;12;17;15;30;2;3
24;12;25;11;28;8;0;36;16;20;34;2;24;12;15;21;27;9;3
17;4;16;5;17;4;0;21;8;13;20;1;17;4;10;11;13;8;3
15;17;26;6;29;3;1;31;17;15;32;0;24;8;27;5;30;2;3
28;22;26;24;31;19;0;50;14;36;44;6;25;25;23;27;39;11;3
15;21;17;19;9;27;0;36;7;29;28;8;22;14;14;22;21;15;3
19;17;19;17;27;9;0;36;19;17;35;1;25;11;18;18;32;4;3
21;24;26;19;32;13;0;45;11;34;38;7;26;19;17;28;36;9;3
20;12;27;5;30;2;1;31;22;10;32;0;28;4;18;14;31;1;3
21;29;28;22;40;10;0;50;20;30;49;1;23;27;31;19;44;6;3
18;14;19;13;22;10;0;32;3;29;28;4;11;21;14;18;22;10;3
18;14;26;6;28;4;0;32;11;21;30;2;18;14;15;17;27;5;3
32;13;31;14;28;17;0;45;13;32;35;10;19;26;7;38;37;8;3
10;22;22;10;25;7;0;32;13;19;28;4;20;12;13;19;28;4;3
9;23;25;7;27;5;1;31;7;25;28;4;20;12;19;13;25;7;3
31;14;32;13;29;16;0;45;20;25;41;4;29;16;26;19;42;3;3
20;12;21;11;25;7;24;8;23;9;29;3;25;7;16;16;27;5;8
15;17;28;4;29;3;21;11;29;3;30;2;24;8;25;7;29;3;8
14;18;26;6;27;5;21;11;28;4;29;3;24;8;21;11;27;5;8
61;51;78;34;84;28;82;30;82;30;107;5;57;55;84;28;88;24;8
19;17;26;10;25;11;22;14;29;7;30;6;30;6;22;14;27;9;8
21;11;25;7;28;4;28;4;28;4;31;1;30;2;15;17;28;4;8
20;12;27;5;28;4;26;6;30;2;32;0;27;5;23;9;29;3;8
32;13;26;19;32;13;24;21;28;17;38;7;33;12;10;35;13;32;8
22;10;23;9;28;4;23;9;24;8;27;5;23;9;15;17;28;4;8
28;22;31;19;35;15;39;11;36;14;46;4;27;23;31;19;43;7;8
20;16;24;12;27;9;23;13;27;9;30;6;25;11;20;16;26;10;8
23;43;56;10;56;10;45;21;61;5;65;1;54;12;50;16;58;8;8
30;10;27;13;23;17;27;13;30;10;37;3;22;18;22;18;31;9;8
28;8;17;19;28;8;23;13;20;16;33;3;30;6;17;19;33;3;8
22;14;27;9;24;12;24;12;26;10;30;6;24;12;20;16;25;11;8
36;30;53;13;54;12;50;16;60;6;65;1;53;13;43;23;64;2;8
24;12;26;10;29;7;31;5;30;6;34;2;22;14;24;12;31;5;8
14;18;14;18;21;11;20;12;18;14;29;3;26;6;10;22;21;11;8
23;22;34;11;37;8;30;15;37;8;42;3;27;18;30;15;33;12;8
32;23;32;23;45;10;40;15;32;23;45;10;31;24;36;19;39;16;8
20;16;22;14;26;10;30;6;22;14;31;5;32;4;13;23;27;9;8
42;24;53;13;52;14;57;9;54;12;66;0;56;10;40;26;61;5;8
21;11;25;7;28;4;21;11;29;3;31;1;28;4;19;13;24;8;8
19;21;28;12;31;9;23;17;33;7;33;7;36;4;16;24;38;2;8
24;8;20;12;25;7;22;10;25;7;31;1;31;1;11;21;22;10;8
17;33;35;15;39;11;38;12;38;12;44;6;43;7;29;21;43;7;8
20;12;25;7;24;8;25;7;28;4;31;1;27;5;21;11;29;3;8
41;14;29;26;40;15;46;9;32;23;47;8;28;27;34;21;50;5;8
27;18;40;5;39;6;32;13;43;2;45;0;32;13;36;9;44;1;8
19;21;31;9;34;6;23;17;37;3;37;3;34;6;24;16;39;1;8
12;28;30;10;35;5;23;17;33;7;34;6;34;6;19;21;31;9;8
21;11;25;7;25;7;28;4;24;8;32;0;27;5;21;11;29;3;8
12;20;24;8;27;5;25;7;29;3;29;3;31;1;21;11;28;4;8
23;17;24;16;25;15;27;13;25;15;36;4;29;11;19;21;36;4;8
19;26;31;14;34;11;33;12;32;13;40;5;41;4;18;27;41;4;8
22;14;27;9;27;9;26;10;27;9;33;3;24;12;21;15;31;5;8
18;14;28;4;26;6;24;8;28;4;28;4;27;5;21;11;27;5;8
25;20;31;14;28;17;33;12;36;9;41;4;40;5;21;24;43;2;8
21;11;26;6;28;4;27;5;27;5;31;1;26;6;19;13;27;5;8
27;18;23;22;25;20;38;7;26;19;40;5;36;9;12;33;40;5;8
9;45;45;9;51;3;28;26;47;7;47;7;46;8;34;20;38;16;8
14;18;21;11;22;10;19;13;26;6;30;2;29;3;10;22;22;10;8
17;15;26;6;27;5;24;8;27;5;31;1;29;3;16;16;28;4;8
37;13;29;21;34;16;44;6;33;17;46;4;40;10;29;21;41;9;8
35;10;23;22;26;19;29;16;24;21;39;6;28;17;16;29;28;17;8
20;16;21;15;24;12;28;8;21;15;29;7;35;1;11;25;27;9;8
15;25;31;9;35;5;16;24;34;6;37;3;32;8;21;19;34;6;8
49;35;73;11;73;11;55;29;75;9;83;1;49;35;69;15;73;11;8
19;9;25;3;26;2;24;4;25;3;28;0;27;1;17;11;27;1;8
18;14;17;15;25;7;26;6;20;12;29;3;25;7;16;16;24;8;8
14;18;24;8;26;6;21;11;28;4;30;2;26;6;17;15;24;8;8
14;18;22;10;25;7;23;9;25;7;31;1;28;4;18;14;26;6;8
25;20;29;16;34;11;31;14;38;7;36;9;42;3;22;23;42;3;8
27;13;31;9;32;8;29;11;29;11;37;3;30;10;9;31;26;14;8
14;18;18;14;24;8;24;8;23;9;28;4;26;6;12;20;29;3;8
21;19;28;12;33;7;29;11;37;3;37;3;37;3;22;18;39;1;8
24;8;17;15;26;6;22;10;24;8;30;2;29;3;13;19;23;9;8
65;12;45;32;63;14;69;8;48;29;71;6;65;12;32;45;66;11;8
18;14;27;5;26;6;22;10;28;4;30;2;21;11;24;8;29;3;8
18;22;28;12;35;5;22;18;33;7;36;4;37;3;15;25;39;1;8
29;48;47;30;54;23;50;27;71;6;75;2;62;15;65;12;77;0;8
14;18;27;5;28;4;21;11;28;4;30;2;26;6;24;8;29;3;8
23;13;21;15;23;13;30;6;20;16;31;5;35;1;11;25;27;9;8
22;18;28;12;26;14;36;4;28;12;33;7;29;11;27;13;30;10;8
17;15;26;6;27;5;24;8;27;5;31;1;29;3;16;16;28;4;8
23;9;25;7;27;5;28;4;29;3;31;1;31;1;15;17;29;3;8
30;20;44;6;46;4;38;12;48;2;50;0;39;11;41;9;47;3;8
20;12;19;13;24;8;29;3;20;12;30;2;28;4;8;24;28;4;8
18;18;27;9;29;7;27;9;29;7;32;4;34;2;12;24;24;12;8
24;12;23;13;30;6;32;4;25;11;33;3;22;14;25;11;33;3;8
30;20;30;20;36;14;38;12;36;14;40;10;32;18;36;14;44;6;8
14;18;27;5;27;5;24;8;28;4;30;2;29;3;22;10;29;3;8
25;15;30;10;35;5;34;6;32;8;40;0;39;1;15;25;40;0;8
37;5;33;9;13;29;31;11;39;3;27;15;22;20;20;22;38;4;8
34;21;34;21;44;11;44;11;36;19;49;6;25;30;34;21;48;7;8
14;18;27;5;28;4;21;11;28;4;30;2;26;6;24;8;29;3;8
12;9;16;5;16;5;16;5;18;3;19;2;21;0;7;14;7;14;8
17;7;15;9;17;7;20;4;17;7;20;4;18;6;12;12;13;11;8
12;42;46;8;51;3;30;24;48;6;48;6;51;3;31;23;36;18;8
44;28;52;20;57;15;60;12;63;9;71;1;58;14;43;29;61;11;8
23;9;22;10;26;6;26;6;24;8;30;2;30;2;16;16;28;4;8
10;18;25;3;24;4;16;12;27;1;25;3;21;7;19;9;20;8;8
21;11;26;6;28;4;27;5;28;4;31;1;30;2;16;16;29;3;8
22;18;28;12;26;14;36;4;28;12;33;7;29;11;27;13;30;10;8
13;27;32;8;37;3;17;23;35;5;37;3;35;5;24;16;37;3;8
18;14;27;5;28;4;26;6;29;3;31;1;29;3;23;9;32;0;8
19;17;26;10;25;11;22;14;29;7;30;6;30;6;22;14;27;9;8
32;13;33;12;30;15;38;7;38;7;38;7;34;11;26;19;40;5;8
23;9;20;12;26;6;24;8;22;10;29;3;28;4;13;19;27;5;8
12;9;16;5;16;5;16;5;18;3;19;2;21;0;7;14;7;14;8
21;11;29;3;29;3;24;8;28;4;28;4;32;0;22;10;25;7;8
29;16;29;16;37;8;31;14;36;9;39;6;33;12;29;16;41;4;8
23;1;21;3;18;6;21;3;20;4;18;6;23;1;11;13;15;9;8
28;22;31;19;35;15;39;11;36;14;46;4;27;23;31;19;43;7;8
37;8;37;8;34;11;37;8;35;10;45;0;36;9;26;19;42;3;8
20;12;25;7;28;4;24;8;28;4;30;2;27;5;23;9;27;5;8
25;11;27;9;30;6;32;4;28;8;34;2;28;8;23;13;29;7;8
23;9;19;13;25;7;22;10;18;14;23;9;22;10;14;18;16;16;8
17;15;25;7;24;8;24;8;28;4;31;1;25;7;21;11;29;3;8
27;18;25;20;29;16;37;8;23;22;37;8;38;7;12;33;37;8;8
21;11;25;7;27;5;29;3;27;5;31;1;30;2;18;14;28;4;8
35;31;57;9;56;10;50;16;60;6;64;2;53;13;51;15;61;5;8
25;25;34;16;39;11;35;15;38;12;47;3;41;9;24;26;40;10;8
26;10;26;10;27;9;31;5;27;9;33;3;32;4;18;18;28;8;8
24;16;31;9;36;4;21;19;34;6;39;1;35;5;22;18;36;4;8
18;14;17;15;24;8;25;7;21;11;30;2;26;6;12;20;26;6;8
25;15;19;21;25;15;27;13;21;19;30;10;18;22;17;23;25;15;8
54;37;73;18;70;21;64;27;81;10;90;1;66;25;66;25;79;12;8
19;17;26;10;25;11;22;14;29;7;30;6;30;6;22;14;27;9;8
44;28;35;37;48;24;56;16;42;30;43;29;34;38;49;23;49;23;8
26;19;31;14;33;12;30;15;38;7;41;4;38;7;26;19;42;3;8
25;11;19;17;25;11;31;5;23;13;32;4;30;6;12;24;31;5;8
11;21;26;6;26;6;14;18;28;4;30;2;22;10;21;11;25;7;8
17;15;25;7;25;7;20;12;27;5;30;2;28;4;16;16;21;11;8
20;8;22;6;25;3;28;0;21;7;23;5;26;2;14;14;25;3;8
16;38;47;7;51;3;37;17;48;6;44;10;52;2;36;18;27;27;8
17;15;19;13;24;8;24;8;17;15;26;6;28;4;9;23;24;8;8
18;18;27;9;30;6;29;7;30;6;33;3;33;3;23;13;32;4;8
27;18;35;10;39;6;29;16;39;6;43;2;35;10;32;13;41;4;8
18;14;26;6;26;6;25;7;26;6;29;3;29;3;17;15;24;8;8
13;23;22;14;24;12;22;14;25;11;27;9;26;10;16;20;24;12;8
20;12;27;5;26;6;26;6;28;4;30;2;28;4;25;7;27;5;8
14;18;27;5;29;3;25;7;29;3;29;3;30;2;20;12;31;1;8
34;6;25;15;26;14;27;13;32;8;30;10;32;8;20;20;37;3;8
26;14;31;9;31;9;32;8;28;12;36;4;39;1;16;24;36;4;8
23;9;24;8;27;5;26;6;25;7;30;2;27;5;20;12;25;7;8
33;7;28;12;18;22;35;5;32;8;35;5;34;6;19;21;36;4;8
20;8;22;6;25;3;28;0;21;7;23;5;26;2;14;14;25;3;8
10;18;25;3;24;4;16;12;27;1;25;3;21;7;19;9;20;8;8
21;11;19;13;25;7;26;6;20;12;30;2;26;6;12;20;27;5;8
25;20;31;14;28;17;33;12;36;9;41;4;40;5;21;24;43;2;8
17;15;26;6;28;4;21;11;29;3;31;1;31;1;17;15;28;4;8
21;11;25;7;28;4;28;4;28;4;31;1;30;2;15;17;28;4;8
9;15;13;11;15;9;22;2;13;11;13;11;19;5;8;16;9;15;8
14;18;26;6;25;7;21;11;26;6;30;2;27;5;20;12;28;4;8
25;7;21;11;27;5;28;4;26;6;32;0;28;4;18;14;29;3;8
22;10;24;8;27;5;23;9;25;7;29;3;26;6;19;13;25;7;8
22;10;21;11;27;5;22;10;26;6;30;2;29;3;16;16;24;8;8
22;10;27;5;24;8;28;4;26;6;32;0;29;3;20;12;29;3;8
14;14;24;4;27;1;22;6;26;2;28;0;28;0;15;13;28;0;8
14;18;24;8;26;6;21;11;28;4;30;2;26;6;17;15;24;8;8
19;21;32;8;35;5;21;19;38;2;40;0;33;7;24;16;37;3;8
32;8;26;14;21;19;31;9;30;10;36;4;28;12;20;20;34;6;8
24;8;20;12;25;7;22;10;25;7;31;1;31;1;11;21;22;10;8
14;18;22;10;26;6;19;13;26;6;27;5;27;5;13;19;23;9;8
58;26;73;11;65;19;60;24;77;7;84;0;46;38;68;16;77;7;8
20;25;35;10;35;10;29;16;38;7;45;0;36;9;29;16;42;3;8
21;7;23;5;24;4;23;5;23;5;28;0;26;2;13;15;27;1;8
18;14;27;5;29;3;24;8;27;5;31;1;27;5;20;12;28;4;8
26;24;28;22;29;21;36;14;35;15;35;15;29;21;25;25;36;14;8
14;18;21;11;23;9;18;14;23;9;26;6;24;8;10;22;18;14;8
31;14;20;25;26;19;39;6;26;19;37;8;37;8;11;34;35;10;8
41;14;29;26;40;15;41;14;31;24;45;10;24;31;30;25;38;17;8
24;12;20;16;25;11;28;8;26;10;32;4;30;6;17;19;27;9;8
26;14;34;6;34;6;33;7;37;3;37;3;38;2;27;13;37;3;8
18;18;27;9;29;7;27;9;29;7;32;4;34;2;12;24;24;12;8
40;38;55;23;59;19;54;24;58;20;71;7;59;19;50;28;64;14;8
27;13;26;14;25;15;22;18;31;9;38;2;16;24;29;11;27;13;8
22;10;26;6;26;6;29;3;27;5;32;0;29;3;19;13;31;1;8
23;9;23;9;25;7;28;4;29;3;32;0;28;4;23;9;31;1;8
10;18;25;3;24;4;16;12;27;1;25;3;21;7;19;9;20;8;8
34;11;35;10;19;26;37;8;33;12;36;9;28;17;28;17;41;4;8
23;27;36;14;40;10;34;16;39;11;44;6;45;5;30;20;45;5;8
20;12;26;6;27;5;27;5;22;10;29;3;29;3;19;13;29;3;8
21;11;25;7;28;4;30;2;23;9;32;0;31;1;16;16;28;4;8
26;14;30;10;23;17;29;11;35;5;31;9;31;9;21;19;38;2;8
25;15;19;21;25;15;27;13;21;19;30;10;18;22;17;23;25;15;8
25;20;33;12;39;6;34;11;37;8;45;0;40;5;24;21;42;3;8
16;16;27;5;28;4;24;8;30;2;32;0;25;7;26;6;29;3;8
24;12;25;11;27;9;29;7;28;8;34;2;30;6;22;14;29;7;8
35;31;58;8;57;9;55;11;60;6;65;1;62;4;55;11;66;0;8
10;22;26;6;28;4;14;18;29;3;28;4;24;8;18;14;14;18;8
25;7;24;8;28;4;27;5;26;6;30;2;28;4;20;12;28;4;8
29;21;33;17;38;12;42;8;32;18;47;3;39;11;28;22;45;5;8
30;15;20;25;27;18;38;7;26;19;36;9;36;9;16;29;35;10;8
25;11;23;13;28;8;27;9;29;7;34;2;33;3;22;14;27;9;8
20;25;36;9;38;7;23;22;40;5;44;1;34;11;29;16;41;4;8
52;32;65;19;69;15;56;28;78;6;81;3;67;17;61;23;79;5;8
21;11;23;9;23;9;28;4;27;5;32;0;28;4;15;17;28;4;8
25;20;29;16;34;11;31;14;38;7;36;9;42;3;22;23;42;3;8
20;8;22;6;25;3;28;0;21;7;23;5;26;2;14;14;25;3;8
20;12;24;8;23;9;26;6;27;5;31;1;28;4;16;16;28;4;8
18;27;33;12;39;6;30;15;38;7;42;3;42;3;19;26;38;7;8
21;11;19;13;23;9;26;6;20;12;29;3;24;8;13;19;27;5;8
18;14;27;5;28;4;20;12;28;4;30;2;28;4;19;13;25;7;8
18;14;23;9;25;7;22;10;27;5;31;1;23;9;19;13;26;6;8
27;23;27;23;35;15;33;17;29;21;41;9;38;12;23;27;38;12;8
18;10;20;8;25;3;21;7;17;11;25;3;27;1;10;18;24;4;8
29;3;24;8;29;3;31;1;24;8;27;5;32;0;17;15;24;8;8
27;13;29;11;22;18;27;13;34;6;34;6;33;7;21;19;37;3;8
10;26;27;9;26;10;19;17;32;4;32;4;28;8;22;14;26;10;8
22;28;31;19;36;14;32;18;33;17;45;5;41;9;16;34;43;7;8
20;12;16;16;21;11;23;9;19;13;28;4;23;9;11;21;19;13;8
27;18;26;19;31;14;32;13;27;18;40;5;32;13;16;29;35;10;8
48;24;48;24;56;16;64;8;64;8;72;0;65;7;44;28;69;3;8
9;23;25;7;26;6;17;15;30;2;30;2;26;6;20;12;25;7;8
16;20;27;9;29;7;22;14;28;8;34;2;28;8;18;18;25;11;8
21;15;22;14;25;11;28;8;25;11;31;5;33;3;12;24;25;11;8
21;11;25;7;26;6;26;6;27;5;32;0;22;10;22;10;28;4;8
14;18;27;5;28;4;19;13;27;5;27;5;31;1;19;13;24;8;8
25;11;24;12;29;7;25;11;25;11;32;4;2;34;32;4;19;17;9
13;11;13;11;13;11;17;7;9;15;11;13;0;24;13;11;18;6;9
22;10;24;8;25;7;22;10;24;8;27;5;0;32;23;9;19;13;9
18;14;25;7;25;7;22;10;22;10;25;7;1;31;27;5;22;10;9
20;12;21;11;23;9;29;3;17;15;29;3;1;31;24;8;23;9;9
32;23;30;25;43;12;26;29;40;15;45;10;9;46;48;7;32;23;9
20;12;25;7;25;7;17;15;26;6;31;1;0;32;26;6;14;18;9
30;15;32;13;35;10;34;11;30;15;43;2;2;43;36;9;20;25;9
21;11;24;8;28;4;21;11;25;7;30;2;6;26;30;2;13;19;9
23;9;22;10;26;6;29;3;18;14;29;3;11;21;28;4;7;25;9
56;21;37;40;68;9;42;35;41;36;70;7;35;42;28;49;60;17;9
28;12;30;10;30;10;25;15;30;10;38;2;2;38;36;4;13;27;9
22;10;27;5;30;2;28;4;28;4;32;0;18;14;29;3;10;22;9
17;19;27;9;28;8;22;14;25;11;28;8;0;36;26;10;25;11;9
4;62;50;16;46;20;1;65;35;31;58;8;20;46;39;27;18;48;9
24;12;26;10;31;5;25;11;27;9;32;4;4;32;33;3;18;18;9
27;5;21;11;29;3;27;5;22;10;30;2;19;13;16;16;31;1;9
16;16;27;5;26;6;28;4;20;12;30;2;2;30;28;4;17;15;9
20;12;20;12;20;12;18;14;19;13;27;5;0;32;23;9;11;21;9
28;12;32;8;30;10;32;8;27;13;38;2;7;33;39;1;12;28;9
25;7;20;12;28;4;27;5;24;8;27;5;19;13;11;21;23;9;9
14;18;27;5;27;5;20;12;27;5;29;3;8;24;28;4;9;23;9
18;14;18;14;21;11;19;13;15;17;22;10;1;31;23;9;16;16;9
23;9;23;9;26;6;25;7;23;9;29;3;0;32;19;13;26;6;9
22;14;26;10;29;7;16;20;28;8;33;3;2;34;29;7;16;20;9
14;18;24;8;24;8;24;8;19;13;23;9;1;31;16;16;29;3;9
24;16;39;1;33;7;30;10;37;3;40;0;5;35;39;1;29;11;9
28;12;29;11;32;8;24;16;32;8;36;4;2;38;36;4;11;29;9
26;14;33;7;33;7;31;9;30;10;39;1;6;34;40;0;16;24;9
17;11;22;6;24;4;21;7;21;7;26;2;2;26;27;1;9;19;9
30;20;34;16;45;5;29;21;42;8;44;6;8;42;45;5;10;40;9
32;18;33;17;43;7;24;26;46;4;36;14;35;15;25;25;1;49;9
15;9;19;5;16;8;11;13;17;7;17;7;22;2;14;10;15;9;9
14;10;17;7;16;8;17;7;14;10;14;10;1;23;17;7;17;7;9
18;14;11;21;16;16;9;23;22;10;25;7;7;25;24;8;4;28;9
23;9;24;8;27;5;21;11;26;6;30;2;5;27;29;3;10;22;9
29;21;37;13;40;10;36;14;36;14;46;4;15;35;46;4;9;41;9
22;10;24;8;27;5;18;14;26;6;29;3;3;29;29;3;9;23;9
19;13;24;8;24;8;30;2;17;15;29;3;1;31;23;9;28;4;9
18;14;23;9;28;4;24;8;21;11;26;6;1;31;28;4;17;15;9
15;17;22;10;23;9;24;8;19;13;28;4;1;31;21;11;23;9;9
24;12;21;15;24;12;24;12;21;15;28;8;4;32;29;7;12;24;9
17;15;26;6;26;6;28;4;19;13;30;2;2;30;25;7;19;13;9
19;13;25;7;26;6;28;4;21;11;28;4;4;28;30;2;18;14;9
22;10;20;12;24;8;19;13;22;10;29;3;2;30;27;5;9;23;9
16;16;25;7;27;5;22;10;26;6;27;5;2;30;28;4;21;11;9
25;7;25;7;25;7;25;7;23;9;29;3;0;32;27;5;21;11;9
21;11;25;7;28;4;26;6;25;7;29;3;12;20;27;5;5;27;9
20;16;29;7;31;5;21;15;30;6;32;4;14;22;33;3;10;26;9
25;11;21;15;28;8;27;9;21;15;33;3;8;28;32;4;12;24;9
27;18;26;19;35;10;23;22;30;15;35;10;9;36;37;8;5;40;9
24;8;28;4;25;7;12;20;24;8;28;4;0;32;19;13;26;6;9
12;6;16;2;17;1;17;1;13;5;16;2;5;13;18;0;11;7;9
22;10;22;10;26;6;24;8;21;11;30;2;1;31;23;9;14;18;9
20;12;26;6;26;6;23;9;23;9;28;4;3;29;29;3;17;15;9
56;35;66;25;70;21;48;43;75;16;76;15;37;54;71;20;8;83;9
24;8;28;4;24;8;16;16;25;7;31;1;0;32;13;19;30;2;9
21;11;25;7;26;6;18;14;27;5;30;2;3;29;29;3;12;20;9
17;11;24;4;18;10;28;0;11;17;28;0;5;23;24;4;19;9;9
66;11;65;12;64;13;58;19;64;13;77;0;34;43;51;26;75;2;9
47;25;52;20;58;14;59;13;51;21;70;2;2;70;54;18;53;19;9
20;12;26;6;30;2;26;6;24;8;31;1;12;20;29;3;8;24;9
19;13;25;7;29;3;29;3;20;12;26;6;1;31;23;9;24;8;9
55;22;61;16;64;13;58;19;60;17;77;0;32;45;48;29;74;3;9
18;9;16;11;15;12;18;9;13;14;13;14;0;27;15;12;21;6;9
14;14;19;9;24;4;26;2;16;12;25;3;6;22;28;0;11;17;9
24;12;22;14;24;12;15;21;23;13;29;7;0;36;28;8;24;12;9
15;17;24;8;25;7;16;16;25;7;28;4;1;31;24;8;17;15;9
14;10;20;4;20;4;18;6;17;7;15;9;8;16;23;1;11;13;9
14;7;16;5;13;8;20;1;14;7;10;11;1;20;7;14;21;0;9
25;11;23;13;27;9;23;13;21;15;31;5;5;31;31;5;12;24;9
26;10;18;18;25;11;17;19;21;15;30;6;6;30;28;8;6;30;9
21;11;25;7;22;10;28;4;18;14;29;3;3;29;30;2;12;20;9
36;14;28;22;38;12;34;16;31;19;42;8;11;39;44;6;6;44;9
25;11;27;9;28;8;28;8;26;10;30;6;1;35;27;9;22;14;9
33;17;32;18;30;20;24;26;31;19;43;7;6;44;42;8;11;39;9
22;10;26;6;27;5;25;7;23;9;30;2;4;28;29;3;15;17;9
24;12;16;20;22;14;22;14;20;16;27;9;2;34;27;9;12;24;9
23;13;26;10;27;9;25;11;27;9;30;6;14;22;26;10;4;32;9
22;14;26;10;31;5;26;10;30;6;33;3;11;25;32;4;9;27;9
24;12;23;13;27;9;19;17;27;9;32;4;14;22;34;2;12;24;9
51;27;50;28;61;17;39;39;63;15;74;4;7;71;68;10;24;54;9
58;19;63;14;65;12;46;31;62;15;76;1;22;55;45;32;72;5;9
22;10;24;8;25;7;22;10;24;8;27;5;0;32;23;9;19;13;9
15;17;23;9;25;7;24;8;23;9;29;3;0;32;17;15;25;7;9
16;16;27;5;26;6;21;11;21;11;24;8;1;31;28;4;19;13;9
26;10;25;11;29;7;30;6;25;11;31;5;2;34;25;11;25;11;9
10;14;14;10;17;7;16;8;12;12;13;11;2;22;20;4;15;9;9
18;14;29;3;28;4;26;6;24;8;27;5;1;31;20;12;29;3;9
40;26;57;9;56;10;46;20;55;11;62;4;13;53;61;5;18;48;9
16;16;25;7;25;7;28;4;20;12;25;7;3;29;29;3;18;14;9
8;37;39;6;38;7;8;37;37;8;42;3;4;41;37;8;15;30;9
15;17;25;7;26;6;26;6;19;13;25;7;0;32;19;13;26;6;9
24;8;22;10;21;11;19;13;21;11;23;9;0;32;13;19;30;2;9
18;14;26;6;26;6;23;9;24;8;29;3;0;32;22;10;23;9;9
27;9;25;11;29;7;23;13;25;11;33;3;2;34;30;6;17;19;9
21;11;27;5;30;2;29;3;24;8;30;2;13;19;31;1;10;22;9
21;11;24;8;24;8;28;4;17;15;30;2;5;27;32;0;14;18;9
23;9;25;7;28;4;28;4;24;8;30;2;7;25;32;0;14;18;9
15;6;15;6;17;4;20;1;10;11;14;7;1;20;17;4;11;10;9
36;14;31;19;48;2;27;23;32;18;50;0;39;11;33;17;42;8;9
25;20;29;16;36;9;30;15;30;15;40;5;1;44;36;9;13;32;9
14;18;26;6;27;5;24;8;25;7;25;7;2;30;28;4;23;9;9
13;8;14;7;16;5;13;8;13;8;14;7;0;21;8;13;18;3;9
14;18;27;5;26;6;19;13;28;4;30;2;11;21;30;2;15;17;9
48;18;51;15;51;15;43;23;54;12;64;2;4;62;59;7;30;36;9
25;11;27;9;27;9;29;7;25;11;33;3;2;34;28;8;27;9;9
21;15;27;9;27;9;30;6;25;11;31;5;12;24;33;3;10;26;9
14;18;24;8;28;4;28;4;15;17;22;10;5;27;29;3;19;13;9
22;18;31;9;33;7;33;7;22;18;35;5;8;32;36;4;6;34;9
23;17;29;11;31;9;19;21;27;13;35;5;2;38;31;9;21;19;9
32;18;30;20;38;12;28;22;39;11;37;13;23;27;31;19;1;49;9
29;16;32;13;34;11;41;4;22;23;38;7;3;42;38;7;12;33;9
20;16;22;14;29;7;29;7;21;15;33;3;2;34;24;12;11;25;9
49;23;52;20;56;16;44;28;57;15;63;9;26;46;60;12;9;63;9
25;11;26;10;30;6;24;12;26;10;34;2;6;30;34;2;13;23;9
21;11;23;9;25;7;26;6;21;11;27;5;13;19;28;4;5;27;9
21;11;21;11;25;7;25;7;19;13;29;3;4;28;28;4;7;25;9
18;22;29;11;31;9;15;25;33;7;35;5;19;21;32;8;6;34;9
25;11;21;15;28;8;18;18;25;11;33;3;3;33;30;6;15;21;9
22;14;26;10;29;7;16;20;28;8;33;3;2;34;29;7;16;20;9
37;47;69;15;57;27;59;25;70;14;81;3;20;64;80;4;25;59;9
28;8;21;15;27;9;18;18;25;11;34;2;0;36;27;9;15;21;9
24;12;27;9;28;8;30;6;19;17;30;6;4;32;31;5;11;25;9
29;21;27;23;34;16;26;24;28;22;39;11;5;45;39;11;7;43;9
25;15;24;16;30;10;26;14;29;11;34;6;21;19;34;6;6;34;9
15;17;22;10;24;8;26;6;11;21;23;9;1;31;25;7;22;10;9
27;9;24;12;28;8;26;10;23;13;34;2;1;35;26;10;27;9;9
21;11;24;8;24;8;26;6;17;15;23;9;3;29;28;4;23;9;9
43;23;54;12;55;11;40;26;51;15;64;2;1;65;57;9;37;29;9
24;12;19;17;25;11;18;18;20;16;29;7;2;34;25;11;12;24;9
25;11;27;9;26;10;22;14;24;12;29;7;0;36;28;8;25;11;9
25;15;24;16;27;13;19;21;29;11;34;6;16;24;32;8;6;34;9
25;7;25;7;26;6;26;6;22;10;31;1;5;27;30;2;11;21;9
15;12;19;8;16;11;11;16;14;13;16;11;23;4;18;9;19;8;9
25;11;21;15;26;10;19;17;21;15;31;5;0;36;22;14;18;18;9
17;19;28;8;31;5;27;9;27;9;29;7;5;31;31;5;16;20;9
21;11;20;12;23;9;25;7;20;12;23;9;1;31;27;5;17;15;9
25;11;23;13;27;9;29;7;18;18;27;9;6;30;32;4;15;21;9
23;13;20;16;22;14;20;16;17;19;28;8;3;33;28;8;9;27;9
25;20;27;18;33;12;28;17;24;21;37;8;10;35;37;8;4;41;9
25;11;23;13;30;6;29;7;21;15;33;3;8;28;31;5;10;26;9
18;18;33;3;32;4;32;4;27;9;36;0;8;28;30;6;6;30;9
20;12;26;6;27;5;24;8;25;7;30;2;6;26;32;0;14;18;9
35;10;25;20;25;20;20;25;28;17;40;5;1;44;33;12;18;27;9
27;5;23;9;29;3;26;6;23;9;30;2;23;9;21;11;31;1;9
24;12;23;13;27;9;19;17;27;9;32;4;14;22;34;2;12;24;9
18;18;25;11;26;10;29;7;22;14;23;13;5;31;33;3;20;16;9
21;11;22;10;25;7;25;7;20;12;29;3;0;32;21;11;22;10;9
20;16;24;12;25;11;15;21;26;10;30;6;2;34;28;8;18;18;9
42;24;55;11;57;9;50;16;52;14;62;4;17;49;65;1;27;39;9
22;18;31;9;28;12;34;6;22;18;40;0;2;38;32;8;20;20;9
19;13;28;4;25;7;31;1;23;9;32;0;15;17;31;1;9;23;9
34;11;25;20;34;11;34;11;23;22;37;8;12;33;39;6;5;40;9
17;15;21;11;26;6;28;4;18;14;25;7;3;29;29;3;17;15;9
34;11;32;13;34;11;37;8;28;17;44;1;3;42;36;9;19;26;9
36;4;21;19;26;14;19;21;24;16;37;3;0;40;26;14;16;24;9
67;38;75;30;80;25;35;70;85;20;92;13;9;96;70;35;19;86;9
29;16;26;19;34;11;22;23;30;15;36;9;10;35;36;9;5;40;9
17;15;24;8;28;4;28;4;13;19;28;4;10;22;27;5;9;23;9
20;12;20;12;25;7;16;16;22;10;28;4;21;11;10;22;25;7;9
20;12;25;7;26;6;24;8;21;11;28;4;3;29;29;3;12;20;9
15;9;19;5;19;5;16;8;18;6;19;5;1;23;16;8;20;4;9
58;33;67;24;71;20;46;45;76;15;73;18;38;53;70;21;7;84;9
23;9;24;8;27;5;21;11;26;6;30;2;5;27;29;3;10;22;9
16;16;27;5;28;4;24;8;25;7;27;5;4;28;31;1;18;14;9
40;20;48;12;45;15;27;33;52;8;45;15;39;21;53;7;7;53;9
22;10;25;7;27;5;28;4;20;12;30;2;5;27;32;0;14;18;9
16;16;27;5;27;5;21;11;25;7;26;6;1;31;26;6;26;6;9
17;15;26;6;25;7;28;4;22;10;31;1;17;15;28;4;6;26;9
29;21;36;14;36;14;29;21;31;19;41;9;13;37;37;13;6;44;9
24;12;16;20;21;15;17;19;21;15;29;7;6;30;28;8;6;30;9
20;12;24;8;25;7;24;8;24;8;30;2;2;30;28;4;14;18;9
27;18;27;18;34;11;34;11;22;23;38;7;10;35;34;11;4;41;9
34;11;26;19;25;20;19;26;28;17;40;5;0;45;34;11;18;27;9
16;16;24;8;25;7;27;5;20;12;27;5;1;31;23;9;23;9;9
19;13;24;8;27;5;24;8;21;11;29;3;8;24;28;4;7;25;9
23;9;24;8;26;6;28;4;18;14;28;4;0;32;21;11;25;7;9
20;12;25;7;28;4;20;12;27;5;30;2;3;29;29;3;12;20;9
15;13;17;11;19;9;20;8;9;19;23;5;1;27;15;13;18;10;9
39;6;29;16;33;12;23;22;29;16;42;3;0;45;22;23;23;22;9
10;14;12;12;14;10;16;8;14;10;13;11;3;21;19;5;12;12;9
18;10;21;7;23;5;27;1;12;16;27;1;3;25;23;5;14;14;9
21;11;22;10;25;7;25;7;20;12;29;3;0;32;21;11;22;10;9
42;24;58;8;57;9;50;16;57;9;64;2;5;61;57;9;33;33;9
25;25;26;24;29;21;25;25;32;18;37;13;10;40;38;12;4;46;9
25;20;27;18;33;12;28;17;24;21;37;8;10;35;37;8;4;41;9
24;12;23;13;27;9;14;22;22;14;34;2;0;36;25;11;16;20;9
18;14;20;12;25;7;28;4;17;15;26;6;11;21;29;3;8;24;9
16;16;27;5;28;4;24;8;25;7;27;5;4;28;31;1;18;14;9
25;7;23;9;27;5;25;7;23;9;30;2;6;26;30;2;12;20;9
24;12;25;11;25;11;15;21;23;13;29;7;0;36;23;13;23;13;9
44;22;51;15;58;8;55;11;52;14;61;5;30;36;57;9;10;56;9
10;11;16;5;16;5;13;8;15;6;13;8;0;21;8;13;19;2;9
20;12;21;11;24;8;20;12;20;12;27;5;0;32;22;10;20;12;9
23;13;25;11;29;7;32;4;27;9;34;2;3;33;30;6;19;17;9
58;26;44;40;53;31;50;34;57;27;59;25;5;79;56;28;10;74;9
32;18;30;20;38;12;28;22;39;11;37;13;23;27;31;19;1;49;9
22;10;24;8;22;10;24;8;22;10;31;1;4;28;30;2;10;22;9
43;23;58;8;58;8;58;8;52;14;66;0;11;55;65;1;35;31;9
31;1;23;9;20;12;18;14;22;10;28;4;14;18;14;18;29;3;5
28;4;26;6;20;12;24;8;28;4;26;6;23;9;12;20;23;9;5
33;7;30;10;14;26;31;9;32;8;27;13;14;26;18;22;36;4;5
31;1;22;10;19;13;28;4;25;7;24;8;21;11;16;16;27;5;5
38;2;21;19;20;20;27;13;23;17;31;9;23;17;21;19;34;6;5
21;11;24;8;17;15;15;17;20;12;24;8;9;23;10;22;27;5;5
35;15;34;16;27;23;43;7;37;13;33;17;26;24;23;27;42;8;5
28;4;27;5;23;9;26;6;22;10;28;4;17;15;16;16;30;2;5
32;4;20;16;16;20;26;10;18;18;26;10;15;21;20;16;32;4;5
43;2;27;18;17;28;45;0;30;15;27;18;33;12;19;26;43;2;5
26;2;21;7;17;11;18;10;20;8;23;5;18;10;10;18;20;8;5
22;10;24;8;22;10;30;2;26;6;26;6;15;17;17;15;29;3;5
32;0;20;12;20;12;23;9;18;14;22;10;17;15;16;16;20;12;5
25;7;24;8;15;17;15;17;22;10;25;7;5;27;12;20;21;11;5
21;11;22;10;16;16;17;15;21;11;25;7;16;16;12;20;25;7;5
25;7;25;7;21;11;31;1;22;10;24;8;19;13;13;19;29;3;5
23;9;26;6;16;16;15;17;21;11;27;5;14;18;15;17;29;3;5
78;6;55;29;43;41;66;18;46;38;62;22;38;46;27;57;66;18;5
27;9;32;4;22;14;31;5;27;9;29;7;24;12;23;13;30;6;5
43;2;45;0;35;10;42;3;36;9;39;6;33;12;33;12;42;3;5
31;5;25;11;19;17;31;5;24;12;26;10;24;12;15;21;27;9;5
31;1;25;7;16;16;15;17;20;12;27;5;10;22;16;16;28;4;5
28;4;25;7;22;10;31;1;26;6;29;3;19;13;13;19;28;4;5
31;1;22;10;19;13;28;4;25;7;24;8;21;11;16;16;27;5;5
30;2;23;9;20;12;27;5;21;11;23;9;18;14;14;18;28;4;5
43;2;26;19;17;28;44;1;31;14;24;21;32;13;18;27;44;1;5
39;11;27;23;25;25;35;15;34;16;34;16;17;33;18;32;32;18;5
40;37;70;7;35;42;35;42;47;30;67;10;54;23;54;23;71;6;5
17;15;31;1;20;12;17;15;24;8;29;3;16;16;17;15;29;3;5
35;1;24;12;20;16;27;9;22;14;26;10;24;12;18;18;25;11;5
22;10;26;6;23;9;24;8;27;5;27;5;22;10;11;21;27;5;5
30;2;26;6;20;12;30;2;20;12;24;8;20;12;14;18;29;3;5
31;9;32;8;27;13;32;8;34;6;32;8;24;16;19;21;36;4;5
24;12;22;14;20;16;21;15;21;15;23;13;19;17;13;23;25;11;5
74;17;66;25;54;37;64;27;58;33;80;11;47;44;63;28;78;13;5
18;18;29;7;20;16;23;13;25;11;27;9;18;18;13;23;25;11;5
26;6;22;10;18;14;24;8;24;8;26;6;11;21;16;16;26;6;5
24;8;26;6;20;12;17;15;23;9;23;9;11;21;13;19;28;4;5
39;11;30;20;25;25;24;26;26;24;37;13;27;23;21;29;39;11;5
29;3;22;10;16;16;23;9;22;10;21;11;8;24;11;21;32;0;5
27;9;31;5;26;10;31;5;27;9;31;5;26;10;23;13;30;6;5
31;1;23;9;20;12;18;14;22;10;28;4;14;18;14;18;29;3;5
68;4;39;33;36;36;52;20;45;27;60;12;35;37;43;29;62;10;5
41;4;23;22;20;25;33;12;25;20;32;13;24;21;16;29;38;7;5
23;9;25;7;20;12;26;6;25;7;24;8;18;14;13;19;25;7;5
23;9;25;7;20;12;26;6;25;7;24;8;18;14;13;19;25;7;5
44;1;32;13;30;15;37;8;31;14;31;14;27;18;20;25;39;6;5
23;22;31;14;25;20;26;19;31;14;29;16;24;21;17;28;40;5;5
31;1;26;6;20;12;26;6;26;6;26;6;12;20;18;14;25;7;5
60;12;63;9;49;23;67;5;59;13;67;5;51;21;54;18;68;4;5
38;7;29;16;24;21;38;7;33;12;32;13;22;23;21;24;40;5;5
51;4;43;12;31;24;28;27;25;30;46;9;18;37;36;19;51;4;5
26;10;31;5;26;10;28;8;26;10;32;4;25;11;23;13;30;6;5
67;24;41;50;28;63;62;29;50;41;66;25;26;65;57;34;74;17;5
21;11;24;8;22;10;32;0;26;6;23;9;24;8;15;17;31;1;5
41;4;31;14;28;17;31;14;30;15;32;13;24;21;24;21;40;5;5
32;4;21;15;16;20;27;9;22;14;26;10;18;18;18;18;30;6;5
31;1;26;6;24;8;32;0;29;3;29;3;25;7;13;19;28;4;5
29;3;25;7;20;12;28;4;23;9;28;4;22;10;17;15;28;4;5
28;4;26;6;20;12;22;10;20;12;25;7;20;12;20;12;23;9;5
23;9;25;7;20;12;25;7;25;7;28;4;16;16;18;14;29;3;5
37;3;31;9;14;26;39;1;34;6;22;18;31;9;25;15;40;0;5
31;1;18;14;18;14;30;2;21;11;21;11;23;9;9;23;32;0;5
32;4;21;15;17;19;31;5;20;16;21;15;19;17;13;23;31;5;5
29;3;25;7;20;12;31;1;24;8;25;7;21;11;16;16;31;1;5
23;9;27;5;20;12;28;4;26;6;27;5;22;10;17;15;28;4;5
27;1;20;8;18;10;20;8;19;9;20;8;13;15;5;23;24;4;5
31;5;23;13;24;12;29;7;24;12;26;10;20;16;14;22;27;9;5
28;8;27;9;21;15;36;0;28;8;23;13;24;12;13;23;24;12;5
20;1;15;6;14;7;21;0;13;8;14;7;9;12;4;17;7;14;5
24;8;30;2;23;9;27;5;28;4;28;4;18;14;23;9;29;3;5
35;1;20;16;15;21;18;18;21;15;21;15;11;25;13;23;31;5;5
31;1;18;14;18;14;27;5;20;12;21;11;14;18;9;23;27;5;5
61;5;51;15;39;27;66;0;51;15;53;13;48;18;38;28;64;2;5
23;9;23;9;20;12;21;11;25;7;27;5;18;14;13;19;28;4;5
21;11;26;6;17;15;15;17;25;7;30;2;15;17;16;16;28;4;5
23;9;26;6;20;12;25;7;25;7;25;7;15;17;15;17;25;7;5
43;2;27;18;25;20;34;11;29;16;32;13;24;21;22;23;41;4;5
55;17;61;11;50;22;65;7;57;15;65;7;52;20;55;17;61;11;5
23;9;26;6;20;12;25;7;25;7;25;7;15;17;15;17;25;7;5
27;18;29;16;20;25;38;7;33;12;26;19;20;25;21;24;43;2;5
35;10;34;11;30;15;31;14;34;11;36;9;26;19;18;27;41;4;5
32;4;21;15;25;11;36;0;23;13;28;8;31;5;30;6;26;10;5
31;1;23;9;20;12;30;2;24;8;30;2;25;7;17;15;29;3;5
51;9;39;21;35;25;39;21;39;21;46;14;26;34;27;33;51;9;5
17;15;28;4;17;15;24;8;24;8;26;6;18;14;12;20;24;8;5
38;4;36;6;18;24;24;18;36;6;25;17;1;41;18;24;29;13;5
28;4;28;4;23;9;32;0;26;6;22;10;21;11;11;21;24;8;5
21;11;22;10;18;14;24;8;23;9;19;13;16;16;5;27;21;11;5
30;2;26;6;20;12;27;5;22;10;27;5;19;13;17;15;26;6;5
27;5;21;11;17;15;23;9;22;10;23;9;8;24;9;23;28;4;5
27;9;28;8;22;14;16;20;16;20;31;5;24;12;25;11;32;4;5
20;12;22;10;21;11;28;4;27;5;21;11;8;24;12;20;17;15;5
21;11;28;4;23;9;24;8;27;5;26;6;20;12;11;21;24;8;5
22;18;35;5;20;20;20;20;32;8;31;9;14;26;24;16;30;10;5
66;25;57;34;46;45;57;34;60;31;69;22;49;42;53;38;73;18;5
28;8;24;12;19;17;29;7;24;12;21;15;16;20;13;23;27;9;5
44;1;30;15;25;20;39;6;32;13;33;12;25;20;16;29;39;6;5
62;22;53;31;40;44;47;37;64;20;47;37;47;37;55;29;54;30;5
22;2;21;3;15;9;21;3;17;7;18;6;15;9;15;9;15;9;5
78;13;64;27;48;43;62;29;53;38;74;17;56;35;60;31;71;20;5
13;11;18;6;11;13;18;6;15;9;14;10;12;12;10;14;12;12;5
58;14;51;21;37;35;49;23;50;22;56;16;30;42;38;34;66;6;5
53;19;63;9;51;21;61;11;53;19;66;6;48;24;49;23;69;3;5
33;3;23;13;16;20;22;14;23;13;30;6;21;15;21;15;31;5;5
14;10;21;3;17;7;22;2;19;5;19;5;15;9;15;9;16;8;5
46;4;40;10;31;19;45;5;36;14;44;6;37;13;36;14;43;7;5
34;6;27;13;24;16;28;12;28;12;31;9;22;18;18;22;33;7;5
26;6;26;6;20;12;23;9;23;9;25;7;6;26;8;24;24;8;5
38;7;28;17;23;22;25;20;22;23;32;13;20;25;16;29;33;12;5
18;14;28;4;22;10;26;6;27;5;29;3;24;8;19;13;28;4;5
27;5;26;6;23;9;28;4;24;8;26;6;21;11;17;15;28;4;5
41;4;30;15;19;26;45;0;31;14;26;19;29;16;16;29;41;4;5
36;9;27;18;25;20;31;14;27;18;33;12;25;20;15;30;35;10;5
34;6;27;13;24;16;28;12;28;12;31;9;22;18;18;22;33;7;5
18;6;21;3;15;9;20;4;19;5;20;4;16;8;12;12;15;9;5
30;2;24;8;18;14;20;12;21;11;25;7;13;19;15;17;31;1;5
85;19;72;32;46;58;67;37;66;38;83;21;35;69;65;39;80;24;5
26;2;21;7;16;12;16;12;19;9;24;4;18;10;10;18;20;8;5
29;3;19;13;12;20;27;5;17;15;23;9;16;16;14;18;27;5;5
32;0;19;13;17;15;24;8;20;12;23;9;19;13;16;16;28;4;5
52;20;58;14;36;36;31;41;42;30;64;8;44;28;43;29;48;24;5
35;10;27;18;19;26;44;1;30;15;27;18;25;20;21;24;39;6;5
13;19;26;6;20;12;18;14;22;10;24;8;21;11;17;15;26;6;5
31;1;21;11;14;18;30;2;24;8;25;7;16;16;16;16;30;2;5
51;9;39;21;35;25;39;21;39;21;46;14;26;34;27;33;51;9;5
24;12;24;12;27;9;28;8;26;10;26;10;24;12;31;5;33;3;5
27;5;25;7;20;12;27;5;24;8;26;6;19;13;15;17;25;7;5
23;17;20;20;16;24;17;23;19;21;19;21;8;32;16;24;28;12;5
54;12;55;11;40;26;53;13;54;12;49;17;28;38;29;37;47;19;5
48;18;42;24;18;48;25;41;27;39;39;27;40;26;46;20;63;3;5
27;5;28;4;24;8;32;0;29;3;25;7;21;11;14;18;27;5;5
31;1;22;10;20;12;30;2;26;6;27;5;22;10;15;17;28;4;5
26;6;22;10;18;14;24;8;24;8;26;6;11;21;16;16;26;6;5
61;5;57;9;47;19;66;0;57;9;58;8;51;15;42;24;66;0;5
26;10;26;10;20;16;23;13;25;11;32;4;22;14;18;18;31;5;5
45;5;41;9;32;18;26;24;20;30;48;2;37;13;33;17;28;22;5
34;2;27;9;20;16;20;16;19;17;23;13;16;20;15;21;20;16;5
31;1;21;11;18;14;25;7;22;10;22;10;15;17;11;21;17;15;5
14;31;35;10;26;19;26;19;38;7;38;7;26;19;29;16;37;8;5
25;7;27;5;21;11;27;5;28;4;26;6;13;19;12;20;28;4;5
73;18;69;22;56;35;55;36;56;35;71;20;52;39;42;49;82;9;5
20;12;22;10;21;11;28;4;27;5;21;11;8;24;12;20;17;15;5
20;12;23;9;19;13;23;9;22;10;24;8;25;7;20;12;26;6;5
51;33;68;16;56;28;58;26;66;18;68;16;60;24;52;32;69;15;5
89;23;80;32;56;56;47;65;57;55;79;33;53;59;67;45;81;31;5
35;1;20;16;18;18;26;10;21;15;23;13;20;16;13;23;26;10;5
27;9;30;6;24;12;28;8;29;7;32;4;22;14;18;18;32;4;5
27;9;31;5;26;10;31;5;27;9;31;5;26;10;23;13;30;6;5
30;6;29;7;20;16;18;18;21;15;30;6;18;18;19;17;32;4;5
20;12;29;3;21;11;23;9;27;5;29;3;21;11;19;13;27;5;5
9;23;30;2;28;4;19;13;30;2;30;2;22;10;23;9;29;3;5
54;12;46;20;42;24;55;11;49;17;51;15;37;29;26;40;56;10;5
23;9;27;5;24;8;31;1;29;3;28;4;22;10;13;19;28;4;5
38;7;29;16;24;21;38;7;33;12;32;13;22;23;21;24;40;5;5
69;8;57;20;41;36;61;16;59;18;54;23;32;45;42;35;73;4;5
32;4;23;13;22;14;34;2;24;12;27;9;22;14;18;18;27;9;5
46;20;55;11;43;23;56;10;56;10;58;8;42;24;42;24;61;5;5
22;10;22;10;16;16;15;17;21;11;25;7;9;23;10;22;28;4;5
21;15;26;10;17;19;16;20;22;14;28;8;19;17;20;16;29;7;5
62;15;61;16;49;28;67;10;74;3;50;27;55;22;48;29;72;5;5
29;3;29;3;21;11;30;2;26;6;26;6;26;6;19;13;29;3;5
26;19;26;19;25;20;33;12;29;16;28;17;22;23;15;30;38;7;5
28;8;29;7;25;11;33;3;28;8;32;4;24;12;19;17;32;4;5
31;1;27;5;22;10;32;0;28;4;28;4;24;8;15;17;28;4;5
24;12;26;10;17;19;31;5;25;11;25;11;18;18;20;16;28;8;5
47;25;53;19;41;31;56;16;50;22;48;24;42;30;28;44;56;16;5
42;3;33;12;30;15;39;6;31;14;34;11;27;18;20;25;39;6;5
40;26;53;13;42;24;59;7;55;11;54;12;33;33;31;35;61;5;5
16;16;27;5;19;13;17;15;24;8;24;8;12;20;13;19;30;2;5
32;0;22;10;20;12;28;4;22;10;24;8;14;18;8;24;23;9;5
41;4;34;11;25;20;21;24;28;17;30;15;3;42;21;24;23;22;5
24;8;30;2;23;9;27;5;28;4;28;4;18;14;23;9;29;3;5
31;1;27;5;23;9;32;0;28;4;27;5;19;13;14;18;28;4;5
23;9;24;8;16;16;15;17;20;12;24;8;11;21;12;20;28;4;5
31;5;22;14;19;17;31;5;22;14;20;16;20;16;15;21;32;4;5
35;1;31;5;22;14;31;5;24;12;29;7;23;13;20;16;28;8;5
17;15;28;4;17;15;24;8;24;8;26;6;18;14;12;20;24;8;5
20;16;30;6;24;12;27;9;25;11;29;7;19;17;22;14;31;5;5
22;2;21;3;15;9;21;3;17;7;18;6;15;9;15;9;15;9;5
32;0;20;12;20;12;23;9;18;14;22;10;17;15;16;16;20;12;5
39;6;26;19;25;20;23;22;25;20;29;16;15;30;21;24;33;12;5
48;2;32;18;27;23;40;10;32;18;37;13;32;18;28;22;42;8;5
27;5;25;7;22;10;32;0;29;3;23;9;24;8;18;14;31;1;5
31;1;22;10;20;12;28;4;23;9;24;8;19;13;9;23;27;5;5
26;34;43;17;32;28;19;41;36;24;48;12;17;43;46;14;47;13;5
35;10;32;13;30;15;38;7;34;11;32;13;30;15;19;26;41;4;5
32;4;31;5;25;11;35;1;28;8;31;5;25;11;21;15;29;7;5
49;17;59;7;45;21;56;10;60;6;53;13;40;26;38;28;61;5;5
30;2;19;13;23;9;32;0;20;12;18;14;25;7;20;12;19;13;5
29;3;24;8;20;12;30;2;25;7;28;4;22;10;16;16;29;3;5
39;11;30;20;25;25;24;26;26;24;37;13;27;23;21;29;39;11;5
22;14;30;6;24;12;29;7;30;6;27;9;19;17;17;19;23;13;5
30;10;21;19;16;24;28;12;24;16;25;15;19;21;20;20;25;15;5
31;1;26;6;24;8;32;0;29;3;29;3;25;7;13;19;28;4;5
22;14;30;6;24;12;29;7;30;6;27;9;19;17;17;19;23;13;5
33;3;25;11;21;15;27;9;21;15;28;8;22;14;21;15;30;6;5
31;1;24;8;20;12;19;13;21;11;23;9;9;23;19;13;22;10;5
28;4;27;5;24;8;31;1;29;3;29;3;24;8;13;19;27;5;5
31;24;37;18;34;21;51;4;43;12;36;19;42;13;32;23;52;3;5
0;32;17;15;23;9;12;20;32;0;23;9;19;13;25;7;32;0;4
16;44;38;22;0;60;52;8;37;23;20;40;15;45;30;30;38;22;4
0;36;11;25;26;10;12;24;28;8;14;22;22;14;26;10;34;2;4
0;45;29;16;18;27;20;25;27;18;17;28;23;22;30;15;43;2;4
0;32;15;17;23;9;20;12;22;10;11;21;15;17;17;15;27;5;4
0;40;22;18;18;22;23;17;28;12;16;24;29;11;33;7;39;1;4
0;45;16;29;25;20;14;31;29;16;9;36;33;12;27;18;41;4;4
2;38;31;9;12;28;22;18;40;0;15;25;34;6;37;3;40;0;4
0;45;16;29;22;23;12;33;24;21;13;32;28;17;29;16;44;1;4
0;54;15;39;24;30;5;49;46;8;40;14;28;26;52;2;48;6;4
1;39;31;9;3;37;23;17;17;23;9;31;35;5;32;8;39;1;4
0;32;17;15;21;11;16;16;30;2;23;9;16;16;21;11;31;1;4
1;39;31;9;6;34;24;16;27;13;15;25;28;12;32;8;37;3;4
0;40;30;10;11;29;17;23;27;13;14;26;37;3;36;4;40;0;4
0;45;28;17;15;30;26;19;22;23;21;24;30;15;34;11;41;4;4
0;32;16;16;22;10;12;20;31;1;22;10;18;14;24;8;31;1;4
3;42;36;9;3;42;29;16;20;25;20;25;27;18;30;15;44;1;4
0;21;1;20;12;9;5;16;13;8;4;17;14;7;14;7;18;3;4
0;32;9;23;27;5;10;22;27;5;24;8;18;14;21;11;32;0;4
1;44;36;9;10;35;25;20;38;7;39;6;35;10;38;7;45;0;4
0;32;16;16;19;13;15;17;27;5;23;9;24;8;26;6;32;0;4
0;32;12;20;23;9;12;20;29;3;17;15;22;10;24;8;31;1;4
0;32;9;23;29;3;12;20;27;5;26;6;19;13;20;12;32;0;4
0;32;16;16;19;13;15;17;27;5;23;9;24;8;26;6;32;0;4
4;101;78;27;29;76;74;31;78;27;103;2;28;77;48;57;104;1;4
2;38;31;9;6;34;24;16;25;15;15;25;34;6;34;6;36;4;4
0;40;24;16;4;36;16;24;14;26;10;30;25;15;27;13;37;3;4
0;45;32;13;11;34;23;22;22;23;18;27;28;17;31;14;45;0;4
0;32;16;16;13;19;16;16;17;15;11;21;19;13;19;13;31;1;4
0;27;7;20;24;3;8;19;26;1;15;12;9;18;12;15;19;8;4
0;45;19;26;25;20;16;29;27;18;42;3;32;13;36;9;43;2;4
0;32;22;10;20;12;17;15;28;4;29;3;23;9;24;8;31;1;4
0;45;23;22;31;14;23;22;33;12;36;9;27;18;34;11;43;2;4
8;42;38;12;0;50;42;8;38;12;20;30;15;35;30;20;24;26;4
1;44;25;20;12;33;28;17;20;25;35;10;19;26;18;27;40;5;4
1;31;21;11;16;16;23;9;18;14;15;17;19;13;20;12;29;3;4
0;27;2;25;19;8;9;18;24;3;12;15;17;10;18;9;24;3;4
2;48;34;16;5;45;33;17;18;32;22;28;18;32;20;30;43;7;4
0;32;9;23;27;5;11;21;30;2;23;9;23;9;24;8;32;0;4
0;45;33;12;14;31;20;25;30;15;35;10;23;22;27;18;36;9;4
0;32;11;21;27;5;14;18;26;6;12;20;24;8;21;11;31;1;4
21;29;33;17;1;49;44;6;32;18;35;15;14;36;17;33;46;4;4
0;32;12;20;29;3;12;20;32;0;28;4;21;11;25;7;32;0;4
0;32;16;16;20;12;16;16;27;5;26;6;23;9;27;5;32;0;4
6;26;28;4;0;32;22;10;20;12;21;11;13;19;16;16;32;0;4
0;32;19;13;19;13;20;12;26;6;21;11;20;12;23;9;32;0;4
0;32;12;20;25;7;12;20;32;0;25;7;18;14;22;10;32;0;4
0;55;25;30;28;27;27;28;31;24;39;16;24;31;30;25;54;1;4
0;32;12;20;28;4;11;21;28;4;14;18;21;11;23;9;30;2;4
0;50;20;30;22;28;17;33;26;24;15;35;28;22;26;24;46;4;4
0;24;11;13;13;11;12;12;12;12;7;17;14;10;13;11;22;2;4
0;24;6;18;21;3;8;16;23;1;9;15;17;7;18;6;19;5;4
0;32;15;17;19;13;16;16;23;9;18;14;22;10;21;11;32;0;4
4;41;39;6;4;41;32;13;33;12;19;26;25;20;28;17;44;1;4
0;40;21;19;16;24;21;19;20;20;20;20;25;15;29;11;35;5;4
0;36;6;30;31;5;12;24;32;4;30;6;26;10;28;8;36;0;4
0;50;26;24;17;33;25;25;25;25;24;26;24;26;26;24;50;0;4
0;28;15;13;17;11;11;17;24;4;9;19;26;2;25;3;27;1;4
0;45;29;16;10;35;25;20;22;23;20;25;26;19;32;13;41;4;4
4;46;35;15;1;49;39;11;18;32;35;15;14;36;17;33;46;4;4
0;45;20;25;27;18;14;31;37;8;33;12;35;10;30;15;44;1;4
0;28;9;19;24;4;9;19;24;4;18;10;22;6;24;4;28;0;4
0;40;9;31;23;17;18;22;22;18;20;20;11;29;14;26;33;7;4
0;45;13;32;27;18;13;32;26;19;10;35;32;13;25;20;43;2;4
1;39;32;8;9;31;22;18;24;16;18;22;29;11;33;7;39;1;4
0;32;12;20;18;14;16;16;20;12;18;14;20;12;24;8;32;0;4
0;32;18;14;21;11;19;13;24;8;15;17;19;13;20;12;30;2;4
0;28;9;19;17;11;6;22;21;7;10;18;24;4;23;5;27;1;4
15;30;30;15;0;45;38;7;23;22;23;22;29;16;28;17;44;1;4
1;31;23;9;10;22;19;13;28;4;23;9;20;12;21;11;32;0;4
0;40;17;23;30;10;21;19;34;6;10;30;19;21;23;17;39;1;4
0;50;20;30;22;28;18;32;29;21;19;31;28;22;28;22;47;3;4
0;36;18;18;21;15;17;19;27;9;16;20;23;13;24;12;34;2;4
4;80;67;17;22;62;53;31;60;24;51;33;59;25;64;20;83;1;4
2;48;36;14;12;38;36;14;33;17;32;18;20;30;25;25;49;1;4
0;28;15;13;18;10;12;16;25;3;19;9;24;4;24;4;28;0;4
0;45;28;17;15;30;19;26;36;9;31;14;33;12;36;9;42;3;4
0;45;24;21;13;32;20;25;31;14;32;13;34;11;33;12;43;2;4
0;45;16;29;33;12;12;33;37;8;21;24;30;15;33;12;45;0;4
0;32;16;16;21;11;13;19;24;8;16;16;19;13;20;12;30;2;4
1;35;26;10;13;23;27;9;29;7;27;9;7;29;10;26;33;3;4
7;28;21;14;0;35;28;7;32;3;23;12;20;15;28;7;35;0;4
0;27;8;19;20;7;18;9;23;4;13;14;7;20;10;17;22;5;4
3;29;30;2;7;25;21;11;32;0;22;10;21;11;24;8;31;1;4
0;36;9;27;28;8;14;22;30;6;16;20;22;14;24;12;33;3;4
0;40;19;21;21;19;15;25;36;4;20;20;28;12;34;6;39;1;4
0;32;20;12;7;25;14;18;13;19;0;32;26;6;20;12;26;6;4
0;45;24;21;20;25;23;22;26;19;21;24;24;21;28;17;44;1;4
0;45;24;21;26;19;20;25;30;15;24;21;23;22;32;13;43;2;4
0;50;20;30;32;18;24;26;34;16;24;26;33;17;35;15;49;1;4
1;44;32;13;13;32;24;21;40;5;23;22;23;22;30;15;42;3;4
0;32;12;20;17;15;20;12;27;5;20;12;18;14;21;11;31;1;4
0;32;16;16;26;6;12;20;29;3;25;7;22;10;25;7;32;0;4
0;32;12;20;21;11;12;20;23;9;19;13;22;10;21;11;32;0;4
0;45;33;12;13;32;24;21;27;18;27;18;24;21;27;18;45;0;4
0;32;16;16;14;18;15;17;17;15;10;22;19;13;19;13;31;1;4
3;29;30;2;8;24;20;12;26;6;19;13;24;8;29;3;32;0;4
3;29;29;3;8;24;25;7;20;12;16;16;14;18;23;9;32;0;4
0;32;16;16;17;15;13;19;28;4;20;12;23;9;25;7;32;0;4
0;32;9;23;26;6;10;22;25;7;17;15;20;12;22;10;32;0;4
0;28;19;9;7;21;12;16;12;16;9;19;24;4;19;9;27;1;4
0;40;27;13;10;30;17;23;30;10;18;22;34;6;37;3;40;0;4
3;29;30;2;7;25;21;11;32;0;22;10;21;11;24;8;31;1;4
0;40;26;14;13;27;19;21;33;7;18;22;26;14;33;7;35;5;4
7;38;32;13;0;45;37;8;40;5;19;26;17;28;35;10;42;3;4
0;32;12;20;19;13;7;25;27;5;23;9;29;3;27;5;30;2;4
1;31;21;11;3;29;19;13;10;22;8;24;19;13;22;10;26;6;4
0;28;9;19;22;6;9;19;27;1;20;8;25;3;28;0;28;0;4
5;23;16;12;0;28;20;8;11;17;14;14;13;15;16;12;26;2;4
0;21;4;17;17;4;6;15;17;4;4;17;17;4;16;5;18;3;4
0;45;24;21;31;14;20;25;35;10;26;19;31;14;34;11;45;0;4
0;28;8;20;23;5;11;17;22;6;11;17;19;9;21;7;28;0;4
0;32;16;16;20;12;16;16;25;7;19;13;23;9;25;7;32;0;4
0;32;9;23;27;5;10;22;27;5;24;8;18;14;21;11;32;0;4
1;35;26;10;13;23;27;9;29;7;27;9;7;29;10;26;33;3;4
0;27;0;27;8;19;0;27;19;8;18;9;12;15;21;6;15;12;4
0;28;20;8;8;20;16;12;28;0;22;6;24;4;25;3;28;0;4
0;32;9;23;29;3;12;20;31;1;27;5;19;13;20;12;30;2;4
1;44;31;14;3;42;24;21;13;32;14;31;28;17;25;20;41;4;4
1;44;30;15;4;41;23;22;14;31;12;33;20;25;25;20;42;3;4
4;62;51;15;4;62;49;17;32;34;24;42;19;47;34;32;42;24;4
1;44;34;11;7;38;23;22;20;25;16;29;30;15;31;14;43;2;4
0;40;28;12;13;27;17;23;27;13;12;28;30;10;35;5;39;1;4
0;45;30;15;4;41;23;22;17;28;17;28;28;17;26;19;42;3;4
0;32;11;21;25;7;14;18;28;4;18;14;19;13;21;11;32;0;4
0;50;23;27;20;30;17;33;32;18;16;34;31;19;29;21;47;3;4
1;31;23;9;7;25;21;11;18;14;17;15;19;13;24;8;31;1;4
0;55;16;39;35;20;25;30;33;22;29;26;19;36;21;34;54;1;4
0;32;18;14;24;8;16;16;32;0;22;10;20;12;25;7;32;0;4
0;40;29;11;10;30;19;21;32;8;12;28;26;14;33;7;35;5;4
0;32;19;13;10;22;18;14;19;13;15;17;19;13;21;11;32;0;4
4;41;38;7;1;44;32;13;31;14;15;30;29;16;37;8;41;4;4
0;32;15;17;26;6;12;20;31;1;25;7;19;13;26;6;32;0;4
3;47;38;12;8;42;36;14;29;21;43;7;30;20;36;14;50;0;4
0;32;20;12;13;19;15;17;24;8;15;17;23;9;21;11;32;0;4
0;32;16;16;20;12;15;17;24;8;12;20;24;8;22;10;32;0;4
0;28;9;19;27;1;6;22;27;1;24;4;23;5;28;0;28;0;4
6;39;39;6;2;43;32;13;41;4;31;14;23;22;26;19;43;2;4
0;28;19;9;8;20;15;13;13;15;9;19;23;5;21;7;28;0;4
0;32;11;21;17;15;14;18;23;9;18;14;14;18;17;15;32;0;4
0;32;18;14;20;12;17;15;29;3;19;13;27;5;26;6;32;0;4
0;45;33;12;9;36;23;22;27;18;27;18;34;11;33;12;42;3;4
0;36;7;29;27;9;9;27;34;2;25;11;27;9;32;4;36;0;4
0;32;9;23;25;7;12;20;28;4;22;10;21;11;23;9;32;0;4
0;32;12;20;22;10;12;20;26;6;15;17;23;9;22;10;32;0;4
0;45;30;15;3;42;23;22;11;34;24;21;28;17;21;24;40;5;4
1;44;34;11;3;42;24;21;13;32;31;14;24;21;29;16;41;4;4
5;40;40;5;3;42;28;17;25;20;18;27;36;9;36;9;45;0;4
0;32;13;19;20;12;16;16;19;13;18;14;20;12;20;12;30;2;4
0;32;16;16;24;8;14;18;28;4;15;17;25;7;26;6;32;0;4
0;32;15;17;30;2;14;18;32;0;29;3;23;9;25;7;32;0;4
0;32;19;13;20;12;16;16;29;3;21;11;25;7;26;6;32;0;4
1;76;56;21;37;40;41;36;74;3;61;16;54;23;60;17;76;1;4
0;32;12;20;20;12;16;16;21;11;17;15;21;11;25;7;32;0;4
0;32;11;21;23;9;14;18;32;0;13;19;15;17;20;12;31;1;4
2;48;35;15;8;42;33;17;33;17;42;8;18;32;23;27;46;4;4
0;45;26;19;23;22;15;30;34;11;39;6;30;15;36;9;45;0;4
0;32;21;11;13;19;21;11;22;10;22;10;20;12;22;10;32;0;4
0;32;19;13;21;11;16;16;28;4;26;6;23;9;24;8;31;1;4
0;32;16;16;20;12;14;18;30;2;26;6;16;16;23;9;30;2;4
0;45;15;30;7;38;22;23;33;12;22;23;28;17;27;18;41;4;4
0;32;12;20;26;6;12;20;28;4;13;19;25;7;27;5;32;0;4
0;32;11;21;27;5;12;20;27;5;17;15;22;10;25;7;32;0;4
0;40;24;16;20;20;15;25;39;1;20;20;31;9;37;3;40;0;4
0;32;23;9;6;26;19;13;15;17;15;17;19;13;19;13;32;0;4
1;44;36;9;10;35;28;17;21;24;22;23;29;16;32;13;45;0;4
1;44;30;15;8;37;23;22;22;23;18;27;27;18;28;17;43;2;4
0;40;19;21;18;22;13;27;39;1;16;24;29;11;37;3;38;2;4
0;32;15;17;19;13;12;20;20;12;14;18;23;9;23;9;32;0;4
0;32;16;16;16;16;16;16;22;10;15;17;21;11;25;7;31;1;4
1;44;28;17;9;36;29;16;19;26;28;17;24;21;29;16;38;7;4
0;32;19;13;25;7;13;19;29;3;20;12;16;16;21;11;30;2;4
0;32;19;13;22;10;20;12;23;9;13;19;17;15;20;12;28;4;4
0;32;9;23;27;5;14;18;31;1;25;7;20;12;22;10;32;0;4
0;40;12;28;33;7;24;16;40;0;29;11;14;26;31;9;37;3;4
1;49;36;14;18;32;30;20;29;21;44;6;34;16;33;17;50;0;4
4;36;31;9;0;40;28;12;17;23;19;21;24;16;27;13;38;2;4
0;32;12;20;19;13;12;20;25;7;16;16;27;5;24;8;32;0;4
0;40;27;13;10;30;17;23;30;10;18;22;34;6;37;3;40;0;4
3;47;46;4;22;28;26;24;35;15;44;6;28;22;35;15;50;0;4
0;40;29;11;2;38;20;20;21;19;12;28;25;15;32;8;37;3;4
0;32;17;15;22;10;16;16;27;5;16;16;24;8;26;6;32;0;4
0;32;22;10;18;14;16;16;27;5;15;17;23;9;27;5;31;1;4
0;50;25;25;20;30;23;27;27;23;14;36;37;13;35;15;48;2;4
0;21;2;19;13;8;3;18;13;8;5;16;11;10;14;7;16;5;4
0;40;27;13;8;32;20;20;26;14;14;26;28;12;31;9;35;5;4
3;37;32;8;1;39;24;16;19;21;12;28;28;12;31;9;38;2;4
0;32;19;13;9;23;14;18;14;18;20;12;24;8;18;14;30;2;4
0;45;28;17;18;27;18;27;36;9;34;11;38;7;36;9;45;0;4
1;39;31;9;10;30;21;19;34;6;17;23;28;12;35;5;36;4;4
0;60;35;25;13;47;24;36;41;19;40;20;26;34;40;20;45;15;4
0;28;12;16;24;4;9;19;28;0;20;8;26;2;28;0;28;0;4
1;23;16;8;0;24;17;7;5;19;9;15;16;8;13;11;23;1;4
0;24;8;16;18;6;11;13;18;6;1;23;18;6;13;11;19;5;4
0;32;15;17;24;8;16;16;26;6;24;8;20;12;24;8;32;0;4
1;44;32;13;3;42;28;17;14;31;16;29;33;12;29;16;41;4;4
1;44;36;9;6;39;24;21;27;18;18;27;30;15;29;16;44;1;4
0;32;19;13;10;22;18;14;19;13;15;17;19;13;21;11;32;0;4
0;32;18;14;19;13;13;19;27;5;14;18;18;14;23;9;29;3;4
2;30;28;4;8;24;20;12;27;5;18;14;25;7;29;3;32;0;4
23;9;23;9;26;6;2;30;9;23;29;3;19;13;32;0;16;16;2
17;33;34;16;31;19;7;43;34;16;15;35;29;21;28;22;29;21;2
19;31;29;21;35;15;0;50;17;33;35;15;36;14;46;4;30;20;2
17;7;17;7;19;5;3;21;12;12;19;5;24;0;24;0;17;7;2
50;27;69;8;51;26;15;62;51;26;61;16;61;16;70;7;36;41;2
23;22;30;15;35;10;1;44;18;27;34;11;33;12;41;4;21;24;2
54;37;51;40;63;28;0;91;41;50;54;37;62;29;79;12;42;49;2
17;15;27;5;28;4;6;26;15;17;29;3;26;6;31;1;15;17;2
12;28;19;21;28;12;26;14;22;18;21;19;35;5;37;3;19;21;2
13;19;27;5;28;4;3;29;14;18;26;6;28;4;31;1;19;13;2
12;20;27;5;26;6;2;30;10;22;25;7;21;11;31;1;15;17;2
24;8;26;6;29;3;1;31;15;17;29;3;23;9;31;1;17;15;2
23;22;36;9;39;6;6;39;26;19;35;10;40;5;38;7;17;28;2
17;19;25;11;23;13;2;34;9;27;27;9;25;11;36;0;24;12;2
22;14;20;16;25;11;3;33;6;30;28;8;23;13;35;1;18;18;2
46;38;63;21;64;20;1;83;41;43;63;21;60;24;81;3;43;41;2
28;12;21;19;35;5;19;21;21;19;32;8;31;9;21;19;19;21;2
13;19;21;11;20;12;16;16;19;13;21;11;31;1;22;10;16;16;2
24;12;20;16;26;10;3;33;10;26;30;6;27;9;36;0;20;16;2
27;13;21;19;29;11;1;39;17;23;29;11;27;13;30;10;24;16;2
14;22;20;16;24;12;1;35;15;21;29;7;28;8;34;2;18;18;2
48;43;67;24;60;31;10;81;20;71;69;22;38;53;68;23;25;66;2
17;15;21;11;24;8;1;31;14;18;23;9;26;6;27;5;16;16;2
55;33;50;38;66;22;35;53;52;36;62;26;68;20;35;53;29;59;2
22;10;18;14;22;10;0;32;5;27;24;8;17;15;24;8;6;26;2
24;8;19;13;26;6;9;23;16;16;26;6;24;8;16;16;12;20;2
33;17;33;17;39;11;3;47;17;33;44;6;35;15;48;2;22;28;2
33;12;32;13;33;12;1;44;23;22;32;13;36;9;40;5;19;26;2
9;23;22;10;24;8;3;29;15;17;24;8;30;2;29;3;17;15;2
43;29;50;22;61;11;1;71;44;28;51;21;44;28;68;4;35;37;2
17;19;25;11;23;13;2;34;9;27;27;9;25;11;36;0;24;12;2
13;19;21;11;23;9;0;32;9;23;23;9;21;11;31;1;18;14;2
18;18;26;10;28;8;3;33;14;22;28;8;31;5;33;3;17;19;2
20;40;46;14;41;19;10;50;36;24;30;30;44;16;59;1;26;34;2
21;11;23;9;22;10;3;29;8;24;29;3;19;13;32;0;13;19;2
20;16;29;7;31;5;4;32;18;18;31;5;30;6;35;1;23;13;2
14;18;24;8;26;6;0;32;4;28;25;7;15;17;31;1;17;15;2
44;22;51;15;52;14;10;56;33;33;60;6;60;6;60;6;34;32;2
19;13;27;5;29;3;4;28;15;17;29;3;28;4;31;1;16;16;2
16;24;30;10;31;9;2;38;11;29;31;9;20;20;35;5;9;31;2
40;65;62;43;79;26;11;94;64;41;57;48;68;37;87;18;86;19;2
17;19;26;10;30;6;1;35;17;19;31;5;32;4;30;6;16;20;2
20;12;27;5;29;3;5;27;15;17;29;3;30;2;31;1;16;16;2
28;8;22;14;26;10;0;36;8;28;30;6;20;16;36;0;22;14;2
34;50;54;30;72;12;10;74;56;28;61;23;81;3;70;14;56;28;2
50;41;61;30;66;25;0;91;46;45;60;31;56;35;78;13;39;52;2
30;15;22;23;27;18;2;43;7;38;35;10;12;33;39;6;12;33;2
26;19;30;15;33;12;2;43;15;30;37;8;28;17;44;1;18;27;2
15;13;23;5;25;3;2;26;10;18;25;3;23;5;24;4;10;18;2
24;8;26;6;29;3;1;31;15;17;29;3;23;9;31;1;17;15;2
36;30;23;43;30;36;1;65;35;31;21;45;17;49;37;29;45;21;2
52;39;55;36;69;22;1;90;46;45;66;25;64;27;84;7;49;42;2
18;27;27;18;33;12;0;45;19;26;31;14;30;15;42;3;22;23;2
23;9;28;4;25;7;7;25;18;14;29;3;31;1;31;1;21;11;2
24;26;31;19;38;12;6;44;33;17;25;25;37;13;40;10;35;15;2
47;19;59;7;58;8;14;52;40;26;58;8;60;6;65;1;36;30;2
15;25;33;7;33;7;2;38;16;24;33;7;28;12;39;1;20;20;2
18;48;37;29;53;13;0;66;7;59;54;12;37;29;62;4;32;34;2
44;40;51;33;56;28;0;84;23;61;63;21;38;46;68;16;20;64;2
25;25;31;19;40;10;1;49;24;26;35;15;41;9;45;5;25;25;2
17;19;31;5;31;5;6;30;19;17;32;4;31;5;35;1;22;14;2
16;16;22;10;24;8;0;32;9;23;27;5;21;11;30;2;11;21;2
20;12;16;16;27;5;0;32;19;13;15;17;22;10;26;6;8;24;2
4;28;26;6;28;4;2;30;14;18;26;6;25;7;32;0;25;7;2
20;25;31;14;35;10;1;44;21;24;34;11;34;11;44;1;24;21;2
22;10;22;10;27;5;3;29;18;14;25;7;30;2;28;4;16;16;2
63;28;63;28;63;28;10;81;36;55;68;23;54;37;64;27;22;69;2
55;49;80;24;71;33;3;101;63;41;70;34;77;27;92;12;47;57;2
43;23;59;7;54;12;14;52;33;33;59;7;60;6;64;2;40;26;2
20;40;46;14;41;19;10;50;36;24;30;30;44;16;59;1;26;34;2
31;19;35;15;29;21;2;48;29;21;26;24;38;12;38;12;29;21;2
30;10;31;9;28;12;2;38;23;17;29;11;29;11;38;2;19;21;2
17;15;26;6;28;4;5;27;18;14;27;5;31;1;29;3;19;13;2
25;7;24;8;22;10;0;32;15;17;28;4;22;10;32;0;15;17;2
23;32;27;28;41;14;5;50;30;25;25;30;33;22;39;16;41;14;2
29;37;48;18;41;25;6;60;44;22;26;40;45;21;52;14;46;20;2
40;32;39;33;51;21;0;72;26;46;46;26;51;21;62;10;32;40;2
17;19;31;5;31;5;6;30;19;17;32;4;31;5;35;1;22;14;2
47;19;60;6;52;14;14;52;28;38;63;3;38;28;61;5;29;37;2
21;15;26;10;27;9;0;36;7;29;32;4;19;17;36;0;21;15;2
33;27;37;23;17;43;5;55;41;19;16;44;50;10;50;10;25;35;2
23;9;23;9;29;3;6;26;22;10;26;6;31;1;29;3;20;12;2
17;15;27;5;29;3;3;29;14;18;29;3;28;4;31;1;17;15;2
25;20;27;18;33;12;0;45;15;30;34;11;28;17;37;8;15;30;2
13;8;18;3;17;4;0;21;3;18;14;7;11;10;21;0;10;11;2
14;14;17;11;22;6;14;14;17;11;21;7;28;0;11;17;8;20;2
51;33;61;23;70;14;14;70;57;27;58;26;71;13;79;5;56;28;2
22;14;19;17;26;10;1;35;16;20;30;6;27;9;36;0;18;18;2
13;19;26;6;28;4;2;30;14;18;26;6;28;4;29;3;17;15;2
27;23;27;23;40;10;1;49;25;25;29;21;37;13;40;10;27;23;2
17;19;23;13;24;12;0;36;8;28;24;12;23;13;32;4;12;24;2
60;31;64;27;48;43;2;89;61;30;52;39;67;24;81;10;48;43;2
24;8;26;6;29;3;1;31;15;17;29;3;23;9;31;1;17;15;2
18;14;28;4;30;2;0;32;8;24;31;1;21;11;32;0;16;16;2
20;12;27;5;25;7;5;27;13;19;29;3;28;4;29;3;13;19;2
25;7;20;12;26;6;10;22;16;16;27;5;27;5;10;22;8;24;2
16;16;22;10;27;5;1;31;14;18;25;7;28;4;25;7;12;20;2
21;7;23;5;24;4;4;24;11;17;26;2;25;3;24;4;11;17;2
23;9;28;4;25;7;7;25;18;14;29;3;31;1;31;1;21;11;2
14;18;28;4;28;4;2;30;11;21;27;5;24;8;31;1;19;13;2
51;40;67;24;62;29;1;90;24;67;68;23;44;47;76;15;31;60;2
11;21;21;11;27;5;0;32;4;28;28;4;14;18;31;1;14;18;2
22;22;25;19;31;13;0;44;12;32;34;10;21;23;40;4;14;30;2
71;33;84;20;77;27;11;93;52;52;74;30;61;43;96;8;47;57;2
17;15;25;7;27;5;3;29;10;22;27;5;25;7;28;4;13;19;2
20;12;25;7;27;5;1;31;14;18;26;6;28;4;28;4;13;19;2
34;50;74;10;72;12;16;68;48;36;60;24;65;19;77;7;64;20;2
18;18;26;10;28;8;3;33;14;22;28;8;31;5;33;3;17;19;2
23;9;19;13;22;10;2;30;4;28;25;7;14;18;30;2;10;22;2
22;10;26;6;25;7;4;28;14;18;29;3;29;3;30;2;15;17;2
19;17;26;10;31;5;0;36;8;28;32;4;25;11;36;0;20;16;2
30;15;27;18;29;16;2;43;3;42;32;13;18;27;34;11;12;33;2
14;18;20;12;24;8;0;32;9;23;28;4;23;9;31;1;17;15;2
25;11;24;12;28;8;0;36;12;24;32;4;26;10;36;0;21;15;2
25;15;26;14;28;12;4;36;8;32;34;6;16;24;39;1;24;16;2
15;17;23;9;25;7;0;32;10;22;26;6;25;7;29;3;10;22;2
6;26;23;9;23;9;0;32;1;31;21;11;12;20;29;3;15;17;2
16;16;23;9;26;6;0;32;4;28;29;3;17;15;30;2;13;19;2
24;12;28;8;30;6;5;31;18;18;30;6;34;2;35;1;21;15;2
20;12;19;13;23;9;2;30;14;18;20;12;30;2;20;12;12;20;2
24;12;29;7;30;6;6;30;23;13;32;4;35;1;32;4;21;15;2
48;24;39;33;50;22;0;72;27;45;57;15;44;28;64;8;31;41;2
15;17;24;8;27;5;1;31;14;18;27;5;25;7;31;1;12;20;2
18;27;27;18;34;11;1;44;23;22;28;17;36;9;33;12;20;25;2
17;15;26;6;27;5;4;28;15;17;29;3;28;4;30;2;15;17;2
18;22;31;9;32;8;5;35;21;19;33;7;31;9;36;4;17;23;2
17;19;31;5;31;5;6;30;19;17;32;4;31;5;35;1;22;14;2
15;17;27;5;28;4;4;28;15;17;28;4;24;8;31;1;19;13;2
21;11;17;15;22;10;2;30;6;26;26;6;13;19;31;1;15;17;2
25;35;33;27;47;13;5;55;35;25;33;27;35;25;36;24;44;16;2
20;25;27;18;31;14;5;40;10;35;36;9;24;21;39;6;15;30;2
23;9;25;7;26;6;5;27;18;14;28;4;30;2;31;1;19;13;2
16;29;33;12;32;13;6;39;9;36;36;9;20;25;38;7;11;34;2
22;10;22;10;27;5;3;29;18;14;25;7;30;2;28;4;16;16;2
21;15;31;5;31;5;10;26;21;15;33;3;34;2;36;0;26;10;2
17;15;21;11;24;8;1;31;14;18;22;10;27;5;24;8;12;20;2
19;13;27;5;29;3;4;28;15;17;29;3;28;4;31;1;16;16;2
22;10;19;13;24;8;5;27;17;15;23;9;26;6;31;1;18;14;2
56;16;58;14;64;8;17;55;50;22;58;14;60;12;70;2;49;23;2
25;11;17;19;25;11;0;36;13;23;26;10;28;8;33;3;16;20;2
30;15;31;14;28;17;1;44;24;21;33;12;33;12;42;3;26;19;2
29;26;28;27;38;17;8;47;37;18;24;31;37;18;44;11;44;11;2
33;17;28;22;33;17;3;47;15;35;41;9;30;20;49;1;31;19;2
14;18;21;11;22;10;1;31;14;18;23;9;24;8;25;7;16;16;2
18;14;26;6;25;7;6;26;19;13;29;3;30;2;31;1;17;15;2
14;18;21;11;22;10;0;32;9;23;24;8;21;11;30;2;11;21;2
18;14;26;6;28;4;4;28;14;18;27;5;29;3;29;3;17;15;2
30;12;31;11;18;24;0;42;14;28;34;8;5;37;40;2;16;26;2
25;25;30;20;40;10;3;47;25;25;33;17;45;5;36;14;21;29;2
11;34;32;13;39;6;0;45;18;27;38;7;35;10;45;0;24;21;2
34;36;59;11;59;11;9;61;43;27;52;18;67;3;57;13;24;46;2
27;23;26;24;35;15;3;47;12;38;37;13;33;17;43;7;17;33;2
14;18;23;9;27;5;0;32;7;25;30;2;17;15;32;0;20;12;2
17;19;25;11;23;13;2;34;9;27;27;9;25;11;36;0;24;12;2
22;10;25;7;25;7;3;29;14;18;29;3;29;3;29;3;14;18;2
21;15;23;13;26;10;0;36;11;25;30;6;29;7;34;2;18;18;2
27;13;21;19;29;11;1;39;17;23;29;11;27;13;30;10;24;16;2
40;26;49;17;59;7;15;51;39;27;59;7;65;1;56;10;39;27;2
20;16;21;15;25;11;0;36;12;24;29;7;26;10;35;1;20;16;2
18;14;26;6;28;4;2;30;18;14;26;6;25;7;29;3;16;16;2
14;18;27;5;28;4;2;30;11;21;27;5;24;8;30;2;15;17;2
17;15;23;9;24;8;0;32;8;24;25;7;21;11;30;2;15;17;2
21;15;21;15;27;9;0;36;16;20;29;7;20;16;33;3;13;23;2
22;14;19;17;26;10;0;36;13;23;25;11;24;12;27;9;8;28;2
17;15;24;8;25;7;2;30;14;18;25;7;28;4;26;6;11;21;2
26;19;30;15;33;12;2;43;15;30;37;8;28;17;44;1;18;27;2
24;31;28;27;40;15;3;52;30;25;21;34;28;27;34;21;38;17;2
47;25;56;16;59;13;15;57;38;34;59;13;63;9;64;8;42;30;2
23;22;25;20;35;10;0;45;15;30;32;13;26;19;37;8;11;34;2
38;60;63;35;74;24;3;95;50;48;76;22;77;21;91;7;62;36;2
29;26;28;27;38;17;8;47;37;18;24;31;37;18;44;11;44;11;2
17;23;26;14;28;12;6;34;30;10;23;17;37;3;39;1;30;10;2
19;13;23;9;27;5;3;29;18;14;25;7;30;2;31;1;16;16;2
11;73;58;26;62;22;0;84;20;64;58;26;28;56;78;6;48;36;2
31;9;28;12;17;23;0;40;9;31;34;6;3;37;36;4;11;29;2
21;11;27;5;28;4;4;28;11;21;28;4;27;5;31;1;17;15;2
18;18;30;6;33;3;3;33;18;18;31;5;31;5;35;1;21;15;2
23;13;24;12;28;8;0;36;14;22;31;5;29;7;35;1;19;17;2
51;33;67;17;62;22;5;79;46;38;58;26;42;42;79;5;49;35;2
23;17;21;19;33;7;2;38;25;15;24;16;34;6;33;7;18;22;2
34;50;74;10;72;12;16;68;48;36;60;24;65;19;77;7;64;20;2
13;15;16;12;19;9;0;28;9;19;20;8;22;6;15;13;2;26;2
13;23;26;10;28;8;0;36;9;27;28;8;24;12;35;1;20;16;2
26;65;67;24;65;26;0;91;47;44;86;5;61;30;89;2;61;30;2
54;30;77;7;60;24;30;54;65;19;69;15;78;6;83;1;57;27;2
25;35;33;27;47;13;5;55;35;25;33;27;35;25;36;24;44;16;2
64;34;45;53;66;32;2;96;51;47;63;35;47;51;71;27;70;28;2
40;26;51;15;53;13;6;60;30;36;54;12;50;16;59;7;36;30;2
22;14;19;17;26;10;0;36;13;23;25;11;24;12;27;9;8;28;2
24;8;24;8;27;5;5;27;18;14;26;6;31;1;29;3;16;16;2
25;15;26;14;28;12;4;36;8;32;34;6;16;24;39;1;24;16;2
20;12;25;7;25;7;2;30;13;19;27;5;28;4;31;1;15;17;2
17;19;29;7;29;7;5;31;19;17;30;6;29;7;35;1;25;11;2
14;18;24;8;27;5;3;29;14;18;27;5;30;2;29;3;17;15;2
9;19;21;7;24;4;4;24;14;14;23;5;22;6;26;2;15;13;2
19;17;24;12;30;6;0;36;14;22;30;6;29;7;35;1;18;18;2
14;18;24;8;27;5;0;32;5;27;28;4;16;16;31;1;14;18;2
12;12;15;9;17;7;0;24;3;21;18;6;15;9;24;0;10;14;2
14;18;27;5;24;8;3;29;11;21;26;6;25;7;31;1;16;16;2
33;27;37;23;17;43;5;55;41;19;16;44;50;10;50;10;25;35;2
18;26;35;9;43;1;4;40;15;29;44;0;0;44;0;44;44;0;1
8;8;15;1;16;0;0;16;16;0;16;0;0;16;16;0;16;0;1
18;21;33;6;39;0;0;39;26;13;39;0;0;39;21;18;39;0;1
11;16;25;2;20;7;0;27;10;17;27;0;0;27;2;25;26;1;1
13;14;24;3;27;0;6;21;13;14;27;0;0;27;7;20;27;0;1
19;14;31;2;32;1;0;33;31;2;33;0;0;33;26;7;33;0;1
7;9;14;2;16;0;0;16;12;4;16;0;0;16;16;0;16;0;1
8;8;15;1;13;3;0;16;16;0;16;0;0;16;15;1;16;0;1
4;14;14;4;18;0;0;18;9;9;18;0;0;18;9;9;18;0;1
20;19;35;4;38;1;0;39;26;13;39;0;0;39;39;0;39;0;1
8;10;16;2;17;1;0;18;10;8;18;0;0;18;4;14;18;0;1
4;3;6;1;7;0;0;7;1;6;7;0;0;7;0;7;7;0;1
17;10;26;1;26;1;1;26;27;0;27;0;0;27;27;0;27;0;1
21;12;33;0;33;0;0;33;26;7;33;0;0;33;33;0;33;0;1
15;18;31;2;33;0;0;33;22;11;33;0;0;33;25;8;33;0;1
19;8;25;2;11;16;0;27;24;3;24;3;0;27;13;14;27;0;1
9;15;18;6;22;2;3;21;11;13;24;0;0;24;2;22;24;0;1
12;4;15;1;16;0;0;16;16;0;16;0;0;16;16;0;16;0;1
15;21;32;4;36;0;0;36;25;11;36;0;0;36;31;5;36;0;1
5;11;15;1;16;0;0;16;11;5;16;0;0;16;9;7;16;0;1
8;16;18;6;23;1;4;20;11;13;24;0;0;24;4;20;24;0;1
18;26;34;10;43;1;4;40;18;26;44;0;0;44;11;33;44;0;1
16;17;29;4;33;0;0;33;14;19;33;0;0;33;19;14;33;0;1
10;6;15;1;16;0;0;16;16;0;16;0;0;16;16;0;16;0;1
9;7;15;1;16;0;0;16;16;0;16;0;0;16;16;0;16;0;1
10;14;20;4;24;0;2;22;11;13;24;0;0;24;15;9;24;0;1
8;8;13;3;16;0;0;16;14;2;16;0;0;16;16;0;16;0;1
10;6;15;1;15;1;0;16;16;0;16;0;0;16;16;0;16;0;1
20;13;31;2;10;23;0;33;19;14;25;8;3;30;18;15;33;0;1
28;11;38;1;39;0;0;39;27;12;39;0;0;39;28;11;39;0;1
26;18;44;0;28;16;0;44;33;11;41;3;0;44;22;22;44;0;1
18;18;33;3;34;2;0;36;24;12;36;0;0;36;24;12;36;0;1
20;13;31;2;32;1;0;33;30;3;33;0;0;33;33;0;33;0;1
23;32;47;8;46;9;3;52;33;22;54;1;0;55;21;34;55;0;1
21;12;32;1;33;0;1;32;25;8;33;0;1;32;22;11;32;1;1
12;4;15;1;15;1;0;16;16;0;16;0;0;16;16;0;16;0;1
17;19;29;7;36;0;0;36;35;1;36;0;0;36;29;7;36;0;1
13;14;22;5;25;2;3;24;11;16;27;0;0;27;0;27;27;0;1
19;14;30;3;33;0;5;28;33;0;33;0;8;25;33;0;33;0;1
19;17;31;5;36;0;0;36;25;11;36;0;0;36;24;12;36;0;1
22;11;31;2;33;0;10;23;33;0;33;0;22;11;33;0;30;3;1
28;32;52;8;59;1;3;57;24;36;60;0;0;60;11;49;60;0;1
16;28;40;4;44;0;0;44;43;1;44;0;0;44;44;0;44;0;1
3;5;5;3;8;0;0;8;0;8;8;0;0;8;1;7;8;0;1
20;13;30;3;33;0;3;30;33;0;33;0;10;23;33;0;32;1;1
12;6;18;0;18;0;0;18;9;9;18;0;0;18;9;9;18;0;1
5;13;13;5;18;0;0;18;9;9;18;0;0;18;13;5;18;0;1
15;15;24;6;30;0;2;28;24;6;30;0;0;30;21;9;30;0;1
25;30;44;11;54;1;5;50;29;26;55;0;0;55;17;38;55;0;1
8;10;15;3;17;1;0;18;14;4;18;0;1;17;18;0;11;7;1
8;16;18;6;24;0;2;22;10;14;24;0;0;24;8;16;24;0;1
7;11;11;7;17;1;0;18;3;15;18;0;0;18;0;18;18;0;1
36;20;55;1;55;1;5;51;56;0;56;0;18;38;55;1;46;10;1
8;10;15;3;17;1;0;18;9;9;18;0;0;18;8;10;18;0;1
8;6;13;1;14;0;0;14;14;0;14;0;0;14;14;0;14;0;1
18;15;27;6;33;0;1;32;24;9;33;0;0;33;23;10;33;0;1
11;7;18;0;18;0;0;18;12;6;18;0;0;18;17;1;18;0;1
19;8;26;1;13;14;0;27;14;13;26;1;0;27;5;22;27;0;1
30;26;49;7;51;5;0;56;31;25;56;0;0;56;25;31;56;0;1
9;7;15;1;16;0;0;16;16;0;16;0;7;9;16;0;15;1;1
7;9;15;1;15;1;0;16;10;6;16;0;0;16;8;8;16;0;1
19;33;45;7;52;0;0;52;19;33;52;0;0;52;23;29;52;0;1
8;8;15;1;13;3;0;16;16;0;16;0;0;16;15;1;16;0;1
8;6;14;0;14;0;1;13;14;0;14;0;0;14;14;0;14;0;1
22;26;38;10;47;1;4;44;19;29;48;0;0;48;13;35;48;0;1
10;6;14;2;16;0;0;16;9;7;16;0;0;16;12;4;16;0;1
9;7;16;0;16;0;0;16;16;0;16;0;4;12;16;0;15;1;1
12;6;17;1;18;0;0;18;18;0;18;0;0;18;17;1;18;0;1
9;9;17;1;18;0;0;18;9;9;18;0;0;18;9;9;18;0;1
13;14;21;6;26;1;3;24;12;15;27;0;0;27;14;13;27;0;1
28;32;53;7;59;1;4;56;32;28;60;0;0;60;23;37;60;0;1
8;8;14;2;16;0;0;16;16;0;16;0;0;16;16;0;16;0;1
21;12;32;1;32;1;0;33;33;0;33;0;2;31;32;1;32;1;1
10;6;15;1;16;0;0;16;16;0;16;0;2;14;16;0;16;0;1
12;4;16;0;16;0;0;16;16;0;16;0;0;16;16;0;16;0;1
32;20;48;4;50;2;0;52;40;12;52;0;0;52;39;13;52;0;1
8;10;15;3;18;0;0;18;8;10;18;0;0;18;9;9;18;0;1
5;11;14;2;16;0;0;16;16;0;16;0;6;10;16;0;13;3;1
7;9;13;3;16;0;0;16;7;9;16;0;0;16;0;16;16;0;1
29;31;52;8;58;2;5;55;41;19;60;0;0;60;43;17;60;0;1
10;6;15;1;16;0;0;16;9;7;16;0;0;16;9;7;16;0;1
11;7;15;3;17;1;0;18;11;7;18;0;0;18;9;9;18;0;1
8;8;14;2;16;0;0;16;16;0;16;0;0;16;16;0;16;0;1
21;23;42;2;40;4;0;44;44;0;44;0;0;44;42;2;44;0;1
37;35;65;7;49;23;8;64;63;9;58;14;3;69;72;0;72;0;1
10;6;15;1;16;0;0;16;9;7;16;0;0;16;8;8;16;0;1
10;6;14;2;16;0;0;16;9;7;16;0;0;16;12;4;16;0;1
4;4;6;2;7;1;0;8;0;8;8;0;0;8;5;3;8;0;1
35;13;46;2;36;12;1;47;44;4;48;0;0;48;36;12;48;0;1
17;10;26;1;14;13;0;27;14;13;27;0;0;27;1;26;26;1;1
2;5;4;3;6;1;0;7;0;7;7;0;0;7;0;7;7;0;1
24;20;44;0;32;12;0;44;44;0;43;1;0;44;43;1;41;3;1
21;31;46;6;51;1;0;52;38;14;52;0;0;52;33;19;52;0;1
11;7;18;0;18;0;0;18;10;8;18;0;0;18;18;0;17;1;1
21;12;32;1;33;0;0;33;19;14;33;0;0;33;20;13;33;0;1
25;35;48;12;57;3;10;50;40;20;60;0;0;60;24;36;60;0;1
10;11;20;1;21;0;10;11;21;0;21;0;0;21;21;0;21;0;1
20;24;39;5;42;2;2;42;44;0;44;0;0;44;44;0;44;0;1
19;17;34;2;36;0;0;36;24;12;36;0;0;36;35;1;36;0;1
9;9;15;3;17;1;0;18;10;8;18;0;0;18;9;9;18;0;1
31;17;48;0;48;0;0;48;36;12;48;0;0;48;41;7;48;0;1
22;14;30;6;34;2;3;33;35;1;36;0;6;30;35;1;36;0;1
21;27;34;14;43;5;5;43;19;29;48;0;0;48;8;40;48;0;1
19;5;23;1;14;10;0;24;10;14;24;0;0;24;0;24;19;5;1
7;9;15;1;16;0;0;16;8;8;16;0;0;16;8;8;16;0;1
16;17;27;6;33;0;0;33;33;0;33;0;0;33;33;0;33;0;1
10;6;15;1;16;0;0;16;16;0;16;0;0;16;16;0;16;0;1
15;12;23;4;27;0;2;25;3;24;27;0;0;27;9;18;27;0;1
27;21;45;3;45;3;0;48;48;0;48;0;0;48;47;1;48;0;1
8;8;15;1;15;1;0;16;15;1;16;0;0;16;16;0;16;0;1
14;19;25;8;32;1;0;33;32;1;33;0;0;33;33;0;33;0;1
8;8;14;2;16;0;0;16;11;5;16;0;0;16;16;0;16;0;1
18;15;27;6;33;0;0;33;23;10;33;0;0;33;26;7;33;0;1
20;16;33;3;36;0;0;36;33;3;36;0;0;36;35;1;36;0;1
43;41;80;4;7;77;28;56;84;0;13;71;28;56;84;0;16;68;1
23;25;47;1;47;1;0;48;37;11;48;0;0;48;26;22;48;0;1
7;9;14;2;16;0;0;16;9;7;16;0;0;16;8;8;16;0;1
25;23;44;4;45;3;0;48;48;0;41;7;3;45;43;5;27;21;1
10;8;15;3;18;0;0;18;9;9;18;0;0;18;9;9;18;0;1
6;10;13;3;16;0;0;16;9;7;16;0;0;16;10;6;16;0;1
28;27;51;4;54;1;6;49;37;18;55;0;0;55;22;33;55;0;1
11;3;14;0;14;0;0;14;13;1;14;0;0;14;14;0;14;0;1
8;8;14;2;16;0;0;16;8;8;16;0;0;16;8;8;16;0;1
26;18;40;4;38;6;3;41;44;0;44;0;0;44;40;4;44;0;1
7;9;13;3;15;1;0;16;16;0;16;0;0;16;16;0;16;0;1
7;11;15;3;18;0;0;18;9;9;18;0;0;18;9;9;18;0;1
12;6;17;1;18;0;0;18;18;0;18;0;0;18;18;0;18;0;1
13;20;27;6;33;0;0;33;26;7;33;0;0;33;22;11;33;0;1
21;12;29;4;33;0;2;31;33;0;33;0;5;28;33;0;33;0;1
17;16;27;6;31;2;1;32;33;0;33;0;8;25;33;0;33;0;1
24;24;43;5;38;10;17;31;48;0;36;12;17;31;48;0;36;12;1
30;18;48;0;44;4;0;48;36;12;48;0;0;48;36;12;48;0;1
12;18;25;5;18;12;2;28;25;5;2;28;3;27;28;2;14;16;1
6;10;15;1;16;0;0;16;10;6;16;0;0;16;16;0;16;0;1
29;31;53;7;57;3;7;53;39;21;60;0;0;60;23;37;60;0;1
18;26;34;10;43;1;4;40;18;26;44;0;0;44;11;33;44;0;1
4;3;7;0;7;0;0;7;1;6;7;0;0;7;4;3;7;0;1
21;27;34;14;43;5;5;43;19;29;48;0;0;48;8;40;48;0;1
19;17;33;3;35;1;0;36;24;12;36;0;0;36;26;10;36;0;1
9;27;36;0;36;0;0;36;36;0;36;0;0;36;36;0;36;0;1
6;10;13;3;16;0;0;16;11;5;16;0;0;16;16;0;16;0;1
19;29;34;14;45;3;2;46;10;38;48;0;0;48;11;37;48;0;1
12;12;21;3;24;0;2;22;11;13;24;0;0;24;5;19;24;0;1
12;6;17;1;18;0;9;9;18;0;18;0;18;0;18;0;16;2;1
37;19;53;3;56;0;3;53;45;11;56;0;0;56;36;20;56;0;1
10;26;24;12;36;0;0;36;12;24;36;0;0;36;6;30;36;0;1
20;13;32;1;33;0;5;28;33;0;33;0;11;22;33;0;30;3;1
9;9;15;3;18;0;0;18;9;9;18;0;0;18;9;9;18;0;1
12;27;24;15;36;3;0;39;17;22;39;0;0;39;13;26;39;0;1
23;13;34;2;36;0;0;36;14;22;36;0;0;36;12;24;36;0;1
8;8;15;1;16;0;0;16;10;6;16;0;0;16;15;1;16;0;1
29;19;46;2;44;4;0;48;48;0;48;0;3;45;48;0;48;0;1
18;15;29;4;33;0;0;33;22;11;33;0;0;33;29;4;33;0;1
10;6;15;1;16;0;0;16;9;7;16;0;0;16;14;2;16;0;1
8;10;14;4;18;0;0;18;3;15;18;0;0;18;0;18;18;0;1
12;12;21;3;23;1;2;22;12;12;24;0;0;24;8;16;24;0;1
31;13;43;1;34;10;0;44;42;2;44;0;0;44;33;11;44;0;1
30;25;48;7;51;4;4;51;37;18;55;0;0;55;30;25;55;0;1
23;21;39;5;42;2;1;43;44;0;44;0;0;44;44;0;44;0;1
8;10;15;3;17;1;0;18;14;4;18;0;1;17;18;0;11;7;1
30;30;49;11;59;1;9;51;43;17;60;0;0;60;42;18;60;0;1
8;10;15;3;18;0;0;18;17;1;18;0;0;18;17;1;18;0;1
9;15;18;6;22;2;3;21;11;13;24;0;0;24;2;22;24;0;1
3;5;5;3;7;1;0;8;0;8;2;6;0;8;0;8;7;1;1
21;27;43;5;46;2;1;47;41;7;48;0;0;48;45;3;48;0;1
26;18;42;2;43;1;0;44;29;15;44;0;0;44;22;22;44;0;1
10;6;14;2;16;0;0;16;2;14;16;0;0;16;0;16;16;0;1
22;33;49;6;55;0;7;48;31;24;55;0;0;55;18;37;55;0;1
11;13;20;4;23;1;2;22;11;13;24;0;0;24;8;16;24;0;1
5;11;9;7;13;3;3;13;5;11;11;5;0;16;0;16;9;7;1
21;9;27;3;27;3;7;23;23;7;30;0;0;30;16;14;30;0;1
7;9;14;2;16;0;0;16;12;4;16;0;0;16;16;0;16;0;1
16;17;29;4;32;1;1;32;27;6;33;0;0;33;28;5;33;0;1
11;7;16;2;18;0;0;18;8;10;18;0;0;18;8;10;18;0;1
7;9;14;2;16;0;0;16;12;4;16;0;0;16;16;0;16;0;1
19;14;30;3;33;0;0;33;33;0;33;0;0;33;33;0;33;0;1
12;6;17;1;18;0;9;9;18;0;18;0;18;0;18;0;16;2;1
30;25;48;7;51;4;4;51;37;18;55;0;0;55;30;25;55;0;1
8;8;15;1;16;0;0;16;16;0;16;0;0;16;9;7;16;0;1
31;13;44;0;26;18;0;44;40;4;42;2;0;44;30;14;44;0;1
11;5;15;1;16;0;0;16;10;6;16;0;0;16;8;8;16;0;1
18;15;32;1;33;0;0;33;22;11;33;0;0;33;14;19;33;0;1
25;11;34;2;36;0;0;36;28;8;36;0;0;36;25;11;36;0;1
16;17;33;0;11;22;0;33;33;0;11;22;0;33;28;5;13;20;1
10;6;12;4;14;2;1;15;11;5;16;0;0;16;13;3;16;0;1
24;12;33;3;36;0;0;36;25;11;36;0;0;36;15;21;32;4;1
2;6;4;4;6;2;0;8;0;8;0;8;0;8;0;8;0;8;1
9;9;15;3;17;1;0;18;9;9;18;0;0;18;17;1;18;0;1
21;23;40;4;42;2;0;44;41;3;44;0;0;44;33;11;44;0;1
10;6;15;1;16;0;0;16;16;0;16;0;0;16;16;0;16;0;1
28;20;45;3;47;1;12;36;48;0;48;0;16;32;48;0;48;0;1
9;9;16;2;18;0;0;18;2;16;18;0;0;18;0;18;18;0;1
10;8;16;2;18;0;0;18;0;18;18;0;0;18;5;13;18;0;1
25;8;32;1;32;1;0;33;24;9;33;0;0;33;19;14;33;0;1
9;15;18;6;22;2;4;20;12;12;24;0;0;24;8;16;24;0;1
5;4;7;2;9;0;0;9;0;9;9;0;0;9;0;9;9;0;1
12;21;27;6;32;1;0;33;22;11;33;0;0;33;25;8;33;0;1
8;8;15;1;16;0;0;16;4;12;16;0;0;16;0;16;16;0;1
7;11;15;3;18;0;0;18;9;9;18;0;0;18;9;9;18;0;1
31;17;48;0;40;8;0;48;38;10;48;0;0;48;36;12;48;0;1
49;35;74;10;72;12;75;9;25;59;84;0;65;19;65;19;75;9;0
42;24;53;13;53;13;66;0;10;56;63;3;48;18;40;26;61;5;0
15;17;24;8;22;10;18;14;0;32;24;8;31;1;10;22;28;4;0
25;25;36;14;38;12;40;10;5;45;30;20;39;11;20;30;40;10;0
17;15;25;7;25;7;32;0;7;25;16;16;30;2;13;19;24;8;0
10;22;22;10;23;9;25;7;8;24;16;16;28;4;12;20;26;6;0
35;42;67;10;67;10;65;12;33;44;65;12;53;24;54;23;73;4;0
16;16;24;8;24;8;31;1;8;24;20;12;20;12;22;10;26;6;0
34;21;22;33;38;17;42;13;0;55;44;11;17;38;32;23;44;11;0
63;42;73;32;84;21;104;1;25;80;92;13;37;68;65;40;49;56;0
39;27;55;11;55;11;65;1;13;53;55;11;55;11;45;21;59;7;0
25;20;27;18;32;13;43;2;0;45;28;17;36;9;16;29;34;11;0
63;9;62;10;48;24;59;13;24;48;72;0;65;7;59;13;55;17;0
48;36;60;24;66;18;82;2;15;69;78;6;54;30;59;25;72;12;0
26;19;30;15;35;10;36;9;1;44;36;9;34;11;22;23;37;8;0
41;43;74;10;68;16;74;10;25;59;83;1;64;20;65;19;80;4;0
40;44;58;26;37;47;80;4;0;84;74;10;65;19;50;34;67;17;0
39;52;46;45;60;31;81;10;11;80;67;24;69;22;60;31;79;12;0
25;11;26;10;26;10;36;0;1;35;11;25;31;5;16;20;22;14;0
57;27;66;18;68;16;84;0;17;67;80;4;56;28;66;18;73;11;0
47;25;41;31;47;25;72;0;0;72;36;36;56;16;33;39;51;21;0
53;19;61;11;59;13;72;0;13;59;71;1;62;10;61;11;64;8;0
53;24;67;10;48;29;70;7;7;70;77;0;66;11;34;43;63;14;0
17;15;25;7;26;6;30;2;8;24;16;16;29;3;15;17;23;9;0
49;42;66;25;72;19;87;4;13;78;83;8;77;14;62;29;84;7;0
49;35;71;13;56;28;79;5;35;49;84;0;67;17;64;20;81;3;0
46;38;73;11;73;11;72;12;41;43;84;0;62;22;79;5;77;7;0
14;18;25;7;25;7;30;2;6;26;16;16;28;4;16;16;28;4;0
53;38;49;42;67;24;88;3;12;79;75;16;80;11;58;33;78;13;0
58;33;45;46;70;21;80;11;0;91;76;15;61;30;51;40;76;15;0
35;42;57;20;58;19;68;9;23;54;75;2;66;11;62;15;49;28;0
45;27;43;29;55;17;64;8;0;72;48;24;55;17;20;52;57;15;0
17;15;23;9;25;7;32;0;2;30;22;10;26;6;17;15;26;6;0
54;23;64;13;44;33;75;2;14;63;75;2;61;16;49;28;73;4;0
65;19;52;32;61;23;60;24;5;79;84;0;70;14;61;23;80;4;0
17;19;24;12;24;12;35;1;4;32;9;27;26;10;14;22;21;15;0
18;14;24;8;28;4;32;0;4;28;24;8;28;4;21;11;28;4;0
14;14;24;4;26;2;25;3;5;23;21;7;27;1;14;14;28;0;0
19;13;26;6;28;4;32;0;8;24;17;15;28;4;18;14;26;6;0
34;32;53;13;52;14;59;7;17;49;46;20;51;15;44;22;59;7;0
47;30;64;13;54;23;71;6;14;63;77;0;63;14;52;25;73;4;0
19;13;24;8;27;5;32;0;8;24;16;16;25;7;24;8;28;4;0
14;18;24;8;26;6;30;2;5;27;17;15;30;2;13;19;28;4;0
13;19;26;6;27;5;27;5;11;21;16;16;24;8;26;6;24;8;0
45;21;46;20;53;13;66;0;5;61;55;11;55;11;40;26;56;10;0
16;16;23;9;23;9;32;0;5;27;16;16;26;6;15;17;21;11;0
19;13;23;9;25;7;32;0;8;24;16;16;28;4;14;18;23;9;0
45;32;66;11;65;12;73;4;19;58;77;0;65;12;59;18;63;14;0
17;15;27;5;27;5;32;0;8;24;16;16;30;2;18;14;23;9;0
18;22;34;6;34;6;37;3;8;32;39;1;36;4;27;13;31;9;0
33;17;25;25;31;19;40;10;0;50;40;10;27;23;25;25;41;9;0
22;10;17;15;20;12;25;7;0;32;24;8;17;15;17;15;26;6;0
53;51;75;29;86;18;82;22;23;81;104;0;70;34;69;35;87;17;0
18;14;17;15;22;10;32;0;0;32;16;16;28;4;17;15;28;4;0
54;24;56;22;70;8;72;6;26;52;70;8;62;16;66;12;54;24;0
12;20;27;5;26;6;24;8;10;22;9;23;29;3;19;13;23;9;0
51;15;54;12;55;11;66;0;24;42;58;8;49;17;43;23;61;5;0
51;33;73;11;73;11;84;0;20;64;84;0;60;24;66;18;67;17;0
14;10;15;9;16;8;24;0;0;24;0;24;16;8;14;10;13;11;0
66;39;62;43;91;14;96;9;24;81;91;14;32;73;59;46;50;55;0
43;41;71;13;56;28;82;2;36;48;84;0;58;26;63;21;84;0;0
46;38;55;29;67;17;74;10;11;73;61;23;61;23;43;41;71;13;0
15;21;24;12;23;13;27;9;9;27;10;26;25;11;15;21;25;11;0
23;43;46;20;53;13;50;16;17;49;45;21;48;18;46;20;55;11;0
37;29;50;16;56;10;57;9;20;46;49;17;49;17;41;25;53;13;0
66;6;60;12;50;22;49;23;11;61;72;0;64;8;49;23;65;7;0
21;11;25;7;25;7;32;0;0;32;24;8;31;1;14;18;30;2;0
49;35;73;11;70;14;80;4;35;49;82;2;72;12;64;20;81;3;0
15;21;20;16;22;14;36;0;0;36;11;25;34;2;13;23;24;12;0
22;23;28;17;31;14;36;9;0;45;27;18;34;11;12;33;33;12;0
51;33;48;36;49;35;67;17;0;84;71;13;63;21;24;60;65;19;0
21;19;29;11;28;12;37;3;6;34;40;0;30;10;23;17;34;6;0
46;38;66;18;59;25;79;5;12;72;84;0;53;31;57;27;63;21;0
25;11;23;13;28;8;36;0;0;36;18;18;28;8;15;21;27;9;0
37;29;52;14;54;12;61;5;18;48;55;11;58;8;46;20;64;2;0
21;19;34;6;28;12;33;7;1;39;32;8;31;9;12;28;35;5;0
35;31;55;11;60;6;63;3;14;52;61;5;56;10;48;18;63;3;0
40;26;49;17;54;12;66;0;7;59;59;7;63;3;33;33;63;3;0
36;55;59;32;62;29;79;12;23;68;67;24;63;28;46;45;69;22;0
35;31;55;11;55;11;65;1;22;44;55;11;57;9;45;21;62;4;0
18;6;16;8;17;7;24;0;0;24;0;24;20;4;11;13;12;12;0
22;22;27;17;29;15;44;0;0;44;13;31;18;26;27;17;37;7;0
43;35;55;23;55;23;66;12;12;66;38;40;58;20;38;40;54;24;0
31;35;49;17;49;17;55;11;10;56;45;21;52;14;31;35;52;14;0
21;19;33;7;27;13;40;0;0;40;39;1;37;3;13;27;37;3;0
62;29;77;14;63;28;91;0;38;53;91;0;68;23;73;18;66;25;0
50;16;57;9;59;7;64;2;25;41;55;11;48;18;51;15;61;5;0
17;10;20;7;19;8;27;0;9;18;9;18;23;4;16;11;16;11;0
38;28;56;10;58;8;65;1;26;40;60;6;60;6;42;24;59;7;0
9;26;28;7;29;6;24;11;8;27;30;5;31;4;15;20;29;6;0
43;23;59;7;62;4;66;0;29;37;55;11;49;17;53;13;62;4;0
9;19;25;3;26;2;21;7;10;18;16;12;27;1;16;12;24;4;0
16;16;23;9;23;9;32;0;5;27;16;16;26;6;15;17;21;11;0
28;8;21;15;28;8;36;0;0;36;19;17;32;4;19;17;30;6;0
15;17;24;8;26;6;32;0;6;26;16;16;30;2;16;16;28;4;0
37;13;26;24;33;17;50;0;0;50;40;10;19;31;30;20;44;6;0
14;18;22;10;26;6;28;4;1;31;8;24;25;7;16;16;22;10;0
56;16;54;18;60;12;72;0;24;48;68;4;63;9;51;21;66;6;0
51;33;71;13;66;18;84;0;24;60;72;12;60;24;66;18;79;5;0
31;14;27;18;32;13;36;9;0;45;36;9;36;9;18;27;38;7;0
46;45;59;32;65;26;79;12;13;78;73;18;60;31;56;35;76;15;0
43;41;67;17;66;18;74;10;26;58;83;1;57;27;67;17;74;10;0
60;31;57;34;69;22;91;0;0;91;78;13;71;20;52;39;73;18;0
29;43;48;24;55;17;61;11;4;68;47;25;55;17;46;26;42;30;0
13;19;24;8;26;6;31;1;6;26;16;16;30;2;10;22;27;5;0
28;17;33;12;30;15;36;9;9;36;38;7;19;26;34;11;39;6;0
40;32;61;11;63;9;71;1;24;48;56;16;59;13;58;14;67;5;0
17;15;22;10;24;8;32;0;2;30;16;16;27;5;14;18;21;11;0
40;26;51;15;57;9;60;6;13;53;44;22;48;18;43;23;55;11;0
15;9;21;3;21;3;24;0;14;10;8;16;24;0;17;7;5;19;0
63;14;64;13;59;18;64;13;24;53;77;0;51;26;55;22;73;4;0
17;15;22;10;24;8;32;0;2;30;16;16;27;5;14;18;21;11;0
20;12;24;8;25;7;32;0;5;27;16;16;28;4;16;16;25;7;0
44;40;69;15;52;32;73;11;14;70;74;10;58;26;55;29;79;5;0
17;11;20;8;21;7;23;5;0;28;22;6;23;5;8;20;26;2;0
25;7;24;8;26;6;32;0;8;24;23;9;31;1;14;18;28;4;0
12;16;21;7;22;6;28;0;1;27;7;21;26;2;6;22;15;13;0
26;14;22;18;31;9;40;0;0;40;22;18;17;23;22;18;36;4;0
35;31;49;17;52;14;55;11;1;65;44;22;59;7;25;41;54;12;0
12;33;37;8;35;10;34;11;15;30;36;9;34;11;29;16;41;4;0
21;15;26;10;28;8;35;1;9;27;18;18;20;16;25;11;28;8;0
52;25;69;8;60;17;77;0;28;49;77;0;70;7;58;19;74;3;0
25;11;19;17;21;15;30;6;0;36;0;36;30;6;15;21;16;20;0
17;23;31;9;35;5;37;3;9;31;32;8;35;5;19;21;35;5;0
45;32;62;15;52;25;77;0;22;55;77;0;69;8;46;31;71;6;0
53;38;59;32;68;23;90;1;17;74;65;26;72;19;51;40;73;18;0
14;18;24;8;26;6;27;5;7;25;16;16;28;4;14;18;26;6;0
58;33;76;15;82;9;91;0;20;71;91;0;79;12;65;26;88;3;0
59;25;76;8;72;12;84;0;34;50;84;0;71;13;70;14;77;7;0
21;11;25;7;27;5;32;0;7;25;20;12;30;2;14;18;27;5;0
45;21;55;11;60;6;66;0;22;44;55;11;56;10;50;16;62;4;0
48;29;65;12;61;16;68;9;16;61;72;5;57;20;40;37;68;9;0
61;37;78;20;62;36;89;9;19;79;91;7;68;30;69;29;87;11;0
19;31;39;11;40;10;43;7;14;36;29;21;39;11;34;16;43;7;0
36;36;57;15;61;11;67;5;20;52;50;22;56;16;55;17;64;8;0
49;17;57;9;55;11;66;0;15;51;55;11;55;11;43;23;62;4;0
17;15;25;7;26;6;30;2;7;25;16;16;27;5;18;14;28;4;0
41;36;68;9;56;21;77;0;32;45;77;0;68;9;58;19;74;3;0
20;16;25;11;26;10;36;0;9;27;9;27;32;4;20;16;23;13;0
44;28;56;16;58;14;59;13;14;58;44;28;54;18;56;16;63;9;0
48;18;56;10;54;12;66;0;13;53;56;10;61;5;44;22;62;4;0
18;14;24;8;28;4;32;0;4;28;24;8;28;4;21;11;28;4;0
15;17;22;10;23;9;31;1;5;27;16;16;26;6;14;18;24;8;0
23;9;24;8;27;5;32;0;0;32;16;16;30;2;13;19;24;8;0
42;24;53;13;57;9;61;5;17;49;53;13;43;23;46;20;57;9;0
56;35;69;22;76;15;78;13;26;65;79;12;67;24;64;27;79;12;0
36;30;54;12;53;13;63;3;13;53;66;0;60;6;48;18;54;12;0
16;8;17;7;12;12;24;0;5;19;0;24;23;1;5;19;5;19;0
19;13;19;13;20;12;21;11;0;32;24;8;21;11;16;16;26;6;0
58;33;62;29;65;26;85;6;15;76;90;1;77;14;60;31;75;16;0
53;38;56;35;67;24;89;2;0;91;78;13;65;26;45;46;78;13;0
17;15;16;16;22;10;23;9;0;32;16;16;24;8;14;18;24;8;0
21;15;20;16;22;14;27;9;0;36;12;24;26;10;10;26;21;15;0
48;29;71;6;54;23;69;8;26;51;77;0;57;20;51;26;77;0;0
24;12;22;14;27;9;36;0;0;36;18;18;31;5;18;18;29;7;0
6;66;40;32;50;22;40;32;41;31;38;34;51;21;54;18;57;15;0
60;12;71;1;68;4;72;0;37;35;72;0;68;4;68;4;68;4;0
23;22;25;20;30;15;31;14;0;45;32;13;30;15;15;30;39;6;0
30;2;20;12;23;9;32;0;0;32;8;24;30;2;15;17;18;14;0
57;34;56;35;61;30;90;1;0;91;89;2;83;8;45;46;84;7;0
51;40;60;31;75;16;87;4;12;79;87;4;74;17;64;27;71;20;0
43;29;58;14;62;10;69;3;24;48;54;18;48;24;54;18;62;10;0
41;31;61;11;62;10;72;0;24;48;60;12;62;10;57;15;68;4;0
24;16;29;11;30;10;35;5;7;33;32;8;30;10;21;19;37;3;0
23;22;36;9;33;12;40;5;16;29;36;9;29;16;26;19;38;7;0
47;25;53;19;63;9;72;0;12;60;48;24;66;6;43;29;66;6;0
20;20;31;9;35;5;35;5;7;33;34;6;36;4;23;17;40;0;0
18;14;18;14;24;8;25;7;0;32;20;12;27;5;16;16;26;6;0
31;14;26;19;36;9;38;7;0;45;36;9;36;9;23;22;36;9;0
9;23;19;13;21;11;20;12;0;32;8;24;23;9;9;23;21;11;0
35;31;58;8;55;11;63;3;24;42;53;13;50;16;49;17;60;6;0
50;27;60;17;58;19;76;1;16;61;77;0;54;23;58;19;68;9;0
22;14;21;15;24;12;31;5;0;36;15;21;29;7;12;24;27;9;0
12;33;37;8;35;10;34;11;15;30;36;9;34;11;29;16;41;4;0
45;39;61;23;65;19;72;12;15;69;61;23;73;11;46;38;73;11;0
14;18;26;6;27;5;26;6;9;23;16;16;27;5;21;11;25;7;0
15;17;24;8;22;10;18;14;0;32;24;8;31;1;10;22;28;4;0
26;19;29;16;34;11;45;0;0;45;36;9;36;9;31;14;40;5;0
56;35;75;16;83;8;88;3;17;74;78;13;74;17;65;26;85;6;0
60;31;66;25;66;25;91;0;0;91;91;0;76;15;57;34;77;14;0
61;23;73;11;59;25;73;11;15;69;84;0;69;15;65;19;80;4;0
21;15;26;10;25;11;36;0;9;27;17;19;25;11;25;11;29;7;0
55;36;67;24;72;19;89;2;26;65;68;23;74;17;61;30;70;21;0
32;34;54;12;60;6;61;5;23;43;58;8;59;7;52;14;60;6;0
21;11;24;8;25;7;32;0;8;24;22;10;29;3;18;14;28;4;0
77;28;81;24;95;10;105;0;30;75;105;0;51;54;71;34;53;52;0
55;49;77;27;59;45;100;4;19;85;102;2;84;20;55;49;90;14;0
17;19;27;9;27;9;35;1;9;27;10;26;30;6;16;20;19;17;0
22;23;34;11;32;13;44;1;2;43;36;9;30;15;29;16;39;6;0
37;29;54;12;56;10;61;5;13;53;43;23;41;25;50;16;57;9;0
20;12;26;6;26;6;32;0;10;22;16;16;23;9;23;9;24;8;0
21;11;24;8;26;6;32;0;0;32;24;8;28;4;17;15;28;4;0
20;12;26;6;25;7;32;0;8;24;24;8;23;9;21;11;28;4;0
28;22;28;22;40;10;47;3;0;50;45;5;29;21;38;12;45;5;0
17;19;24;12;24;12;35;1;4;32;9;27;26;10;14;22;21;15;0
14;26;32;8;34;6;33;7;5;35;37;3;35;5;30;10;26;14;0
30;15;33;12;37;8;45;0;5;40;45;0;38;7;31;14;39;6;0
44;33;60;17;58;19;72;5;12;65;67;10;56;21;40;37;70;7;0
41;43;69;15;64;20;68;16;32;52;78;6;51;33;65;19;77;7;0
34;50;71;13;73;11;63;21;41;43;60;24;48;36;71;13;77;7;0
0;36;24;12;21;15;20;16;33;3;26;10;27;9;23;13;28;8;6
0;32;16;16;20;12;16;16;31;1;24;8;28;4;23;9;30;2;6
1;31;18;14;20;12;23;9;23;9;28;4;28;4;20;12;28;4;6
2;30;25;7;10;22;28;4;26;6;23;9;24;8;22;10;29;3;6
1;31;23;9;15;17;23;9;26;6;26;6;25;7;22;10;29;3;6
0;32;21;11;13;19;16;16;30;2;19;13;25;7;18;14;28;4;6
0;32;16;16;23;9;22;10;23;9;29;3;25;7;22;10;27;5;6
0;36;13;23;29;7;22;14;31;5;30;6;31;5;22;14;29;7;6
2;30;25;7;26;6;22;10;30;2;30;2;23;9;25;7;30;2;6
0;32;16;16;18;14;19;13;30;2;25;7;30;2;14;18;28;4;6
1;35;27;9;17;19;25;11;31;5;26;10;28;8;25;11;29;7;6
28;4;31;1;24;8;32;0;25;7;29;3;29;3;24;8;29;3;6
0;36;16;20;29;7;22;14;31;5;30;6;32;4;19;17;30;6;6
0;36;24;12;21;15;20;16;33;3;26;10;27;9;23;13;28;8;6
5;27;28;4;10;22;28;4;25;7;26;6;25;7;20;12;28;4;6
1;44;27;18;15;30;31;14;32;13;28;17;39;6;17;28;38;7;6
30;2;19;13;23;9;32;0;20;12;18;14;25;7;20;12;19;13;6
0;32;14;18;23;9;17;15;28;4;18;14;25;7;8;24;27;5;6
2;70;52;20;36;36;44;28;65;7;55;17;54;18;53;19;62;10;6
0;45;26;19;24;21;29;16;37;8;29;16;38;7;21;24;38;7;6
0;36;5;31;25;11;12;24;31;5;24;12;32;4;11;25;20;16;6
0;32;15;17;29;3;19;13;29;3;30;2;24;8;29;3;29;3;6
2;30;23;9;15;17;26;6;27;5;28;4;25;7;23;9;30;2;6
9;36;38;7;7;38;38;7;37;8;33;12;34;11;27;18;40;5;6
2;30;25;7;10;22;28;4;26;6;23;9;24;8;22;10;29;3;6
0;32;12;20;26;6;15;17;31;1;13;19;25;7;23;9;21;11;6
4;46;36;14;25;25;39;11;45;5;42;8;30;20;41;9;45;5;6
1;35;27;9;18;18;12;24;24;12;20;16;25;11;21;15;30;6;6
0;45;24;21;38;7;29;16;42;3;40;5;41;4;31;14;42;3;6
19;13;24;8;16;16;32;0;25;7;23;9;24;8;18;14;24;8;6
0;32;18;14;14;18;17;15;32;0;14;18;31;1;7;25;27;5;6
2;30;25;7;10;22;28;4;26;6;23;9;24;8;22;10;29;3;6
1;31;20;12;20;12;23;9;28;4;26;6;28;4;19;13;30;2;6
0;32;16;16;18;14;19;13;30;2;25;7;30;2;14;18;28;4;6
1;35;23;13;23;13;26;10;29;7;28;8;33;3;24;12;32;4;6
0;36;9;27;31;5;16;20;32;4;29;7;34;2;18;18;26;10;6
2;30;25;7;14;18;26;6;26;6;25;7;29;3;17;15;28;4;6
0;40;12;28;33;7;22;18;33;7;30;10;33;7;23;17;26;14;6
23;9;21;11;25;7;24;8;17;15;16;16;22;10;15;17;17;15;6
0;40;19;21;28;12;28;12;29;11;32;8;33;7;21;19;30;10;6
0;32;13;19;26;6;16;16;31;1;27;5;31;1;14;18;28;4;6
1;44;37;8;11;34;26;19;42;3;24;21;37;8;28;17;38;7;6
28;12;27;13;32;8;36;4;28;12;26;14;37;3;22;18;39;1;6
6;39;37;8;0;45;34;11;32;13;17;28;27;18;30;15;25;20;6
4;28;28;4;8;24;27;5;30;2;25;7;28;4;17;15;24;8;6
0;32;15;17;24;8;18;14;30;2;25;7;25;7;19;13;25;7;6
2;34;30;6;10;26;22;14;32;4;21;15;32;4;20;16;31;5;6
1;31;21;11;21;11;20;12;29;3;26;6;24;8;20;12;23;9;6
0;36;9;27;28;8;14;22;34;2;23;13;31;5;13;23;26;10;6
0;50;15;35;38;12;19;31;49;1;25;25;44;6;20;30;44;6;6
0;32;10;22;26;6;12;20;27;5;25;7;30;2;13;19;19;13;6
0;32;20;12;27;5;19;13;24;8;24;8;27;5;22;10;30;2;6
0;32;23;9;19;13;22;10;30;2;27;5;25;7;22;10;25;7;6
0;35;15;20;13;22;14;21;35;0;25;10;31;4;24;11;35;0;6
1;31;20;12;24;8;24;8;27;5;28;4;25;7;23;9;30;2;6
1;31;21;11;25;7;22;10;30;2;29;3;27;5;22;10;29;3;6
0;32;15;17;26;6;15;17;29;3;26;6;27;5;13;19;28;4;6
0;40;24;16;22;18;26;14;39;1;28;12;38;2;22;18;39;1;6
2;30;24;8;16;16;23;9;26;6;27;5;23;9;24;8;28;4;6
0;36;17;19;28;8;19;17;34;2;27;9;32;4;25;11;31;5;6
0;32;19;13;15;17;20;12;25;7;24;8;27;5;15;17;27;5;6
1;31;19;13;18;14;22;10;26;6;26;6;23;9;19;13;28;4;6
0;36;13;23;27;9;21;15;29;7;23;13;32;4;12;24;25;11;6
0;32;12;20;27;5;17;15;30;2;28;4;27;5;20;12;25;7;6
4;28;26;6;10;22;28;4;26;6;28;4;25;7;18;14;26;6;6
1;31;22;10;13;19;23;9;24;8;26;6;25;7;19;13;25;7;6
1;31;22;10;16;16;23;9;28;4;27;5;25;7;24;8;27;5;6
4;28;25;7;11;21;25;7;30;2;24;8;27;5;15;17;21;11;6
0;36;18;18;22;14;23;13;28;8;24;12;24;12;21;15;28;8;6
5;45;41;9;30;20;36;14;43;7;40;10;40;10;31;19;45;5;6
0;36;21;15;23;13;20;16;31;5;27;9;27;9;24;12;28;8;6
0;32;17;15;23;9;21;11;30;2;27;5;24;8;21;11;29;3;6
0;36;18;18;24;12;24;12;31;5;23;13;32;4;15;21;26;10;6
1;31;17;15;23;9;23;9;32;0;28;4;29;3;25;7;29;3;6
1;39;29;11;25;15;24;16;40;0;28;12;38;2;26;14;40;0;6
0;45;25;20;36;9;29;16;38;7;39;6;41;4;29;16;40;5;6
0;45;17;28;21;24;23;22;35;10;29;16;35;10;15;30;36;9;6
1;31;21;11;18;14;24;8;28;4;26;6;27;5;22;10;29;3;6
1;54;28;27;35;20;38;17;32;23;46;9;28;27;37;18;42;13;6
3;29;28;4;6;26;24;8;28;4;15;17;27;5;17;15;29;3;6
4;36;32;8;10;30;29;11;37;3;27;13;36;4;21;19;39;1;6
0;32;11;21;21;11;19;13;25;7;27;5;27;5;13;19;25;7;6
0;36;13;23;24;12;18;18;27;9;24;12;28;8;18;18;26;10;6
0;40;17;23;35;5;24;16;35;5;26;14;33;7;21;19;30;10;6
4;32;29;7;19;17;30;6;29;7;28;8;24;12;25;11;28;8;6
0;32;11;21;29;3;11;21;32;0;23;9;30;2;18;14;25;7;6
0;36;19;17;30;6;25;11;30;6;29;7;25;11;27;9;30;6;6
0;45;23;22;37;8;26;19;40;5;40;5;36;9;29;16;41;4;6
0;32;16;16;28;4;13;19;32;0;24;8;30;2;18;14;26;6;6
0;36;16;20;25;11;19;17;25;11;19;17;29;7;11;25;18;18;6
0;32;19;13;23;9;20;12;29;3;24;8;28;4;15;17;28;4;6
0;36;19;17;31;5;25;11;34;2;31;5;32;4;22;14;27;9;6
0;55;27;28;34;21;35;20;37;18;35;20;29;26;32;23;41;14;6
4;28;25;7;19;13;24;8;28;4;29;3;25;7;21;11;28;4;6
26;6;18;14;22;10;27;5;20;12;17;15;24;8;11;21;28;4;6
3;25;24;4;4;24;22;6;24;4;21;7;23;5;16;12;25;3;6
2;70;49;23;56;16;52;20;66;6;68;4;62;10;60;12;68;4;6
2;30;24;8;16;16;26;6;29;3;26;6;28;4;19;13;29;3;6
1;31;23;9;9;23;21;11;30;2;14;18;28;4;13;19;30;2;6
2;30;23;9;19;13;26;6;25;7;28;4;25;7;21;11;29;3;6
1;31;20;12;19;13;19;13;31;1;26;6;23;9;21;11;18;14;6
2;30;27;5;8;24;23;9;31;1;16;16;31;1;17;15;32;0;6
1;31;20;12;21;11;24;8;29;3;27;5;29;3;19;13;30;2;6
0;50;8;42;38;12;21;29;46;4;36;14;44;6;29;21;42;8;6
0;36;14;22;29;7;18;18;36;0;28;8;34;2;21;15;28;8;6
0;32;14;18;25;7;15;17;30;2;27;5;24;8;20;12;28;4;6
0;32;19;13;18;14;20;12;27;5;25;7;24;8;16;16;24;8;6
0;32;13;19;26;6;15;17;31;1;27;5;28;4;17;15;28;4;6
0;36;10;26;30;6;16;20;30;6;29;7;31;5;18;18;26;10;6
1;31;25;7;18;14;18;14;30;2;24;8;26;6;23;9;27;5;6
0;28;14;14;11;17;13;15;24;4;20;8;21;7;6;22;19;9;6
2;30;25;7;13;19;25;7;26;6;26;6;25;7;20;12;28;4;6
0;32;19;13;18;14;20;12;27;5;25;7;24;8;16;16;24;8;6
0;36;8;28;27;9;18;18;30;6;26;10;34;2;13;23;26;10;6
2;30;23;9;14;18;24;8;29;3;24;8;28;4;17;15;24;8;6
0;27;4;23;20;7;12;15;25;2;19;8;24;3;16;11;16;11;6
2;30;23;9;18;14;26;6;29;3;27;5;30;2;18;14;28;4;6
0;36;9;27;28;8;19;17;32;4;26;10;34;2;13;23;29;7;6
0;32;15;17;29;3;21;11;30;2;30;2;29;3;26;6;30;2;6
27;9;30;6;31;5;36;0;27;9;24;12;36;0;19;17;31;5;6
0;50;24;26;35;15;33;17;39;11;33;17;42;8;22;28;43;7;6
4;28;26;6;13;19;28;4;29;3;27;5;18;14;26;6;28;4;6
0;28;16;12;15;13;18;10;22;6;17;11;25;3;12;16;23;5;6
1;31;26;6;13;19;21;11;31;1;19;13;31;1;12;20;26;6;6
1;31;20;12;21;11;24;8;29;3;27;5;29;3;19;13;30;2;6
0;32;14;18;27;5;16;16;30;2;26;6;27;5;20;12;27;5;6
0;50;19;31;36;14;27;23;41;9;37;13;35;15;31;19;45;5;6
0;36;18;18;24;12;24;12;31;5;23;13;32;4;15;21;26;10;6
4;28;23;9;17;15;25;7;31;1;24;8;28;4;18;14;28;4;6
0;36;9;27;30;6;16;20;36;0;24;12;34;2;15;21;27;9;6
0;32;10;22;26;6;12;20;27;5;25;7;30;2;13;19;19;13;6
5;27;27;5;7;25;29;3;26;6;27;5;28;4;19;13;28;4;6
0;32;14;18;25;7;19;13;28;4;28;4;26;6;23;9;27;5;6
0;32;12;20;26;6;16;16;31;1;29;3;31;1;17;15;24;8;6
0;50;26;24;48;2;26;24;47;3;37;13;41;9;29;21;48;2;6
2;30;24;8;13;19;25;7;25;7;25;7;24;8;19;13;24;8;6
2;30;22;10;15;17;22;10;30;2;25;7;21;11;17;15;22;10;6
1;27;20;8;19;9;16;12;28;0;25;3;23;5;17;11;26;2;6
0;32;15;17;23;9;19;13;27;5;25;7;30;2;10;22;20;12;6
6;30;31;5;8;28;31;5;30;6;29;7;25;11;26;10;29;7;6
0;36;17;19;22;14;16;20;33;3;27;9;28;8;24;12;29;7;6
0;45;25;20;36;9;29;16;38;7;39;6;41;4;29;16;40;5;6
0;36;13;23;25;11;22;14;26;10;19;17;29;7;15;21;20;16;6
2;58;41;19;23;37;41;19;31;29;44;16;27;33;40;20;50;10;6
1;49;34;16;19;31;29;21;48;2;18;32;37;13;20;30;46;4;6
0;36;16;20;23;13;25;11;24;12;22;14;26;10;13;23;25;11;6
27;9;28;8;30;6;36;0;26;10;24;12;35;1;21;15;28;8;6
0;32;14;18;22;10;16;16;30;2;27;5;23;9;22;10;25;7;6
0;36;9;27;30;6;16;20;36;0;24;12;34;2;15;21;27;9;6
2;30;23;9;14;18;26;6;27;5;25;7;30;2;13;19;24;8;6
6;26;29;3;9;23;27;5;27;5;25;7;20;12;23;9;29;3;6
0;32;19;13;20;12;20;12;26;6;27;5;22;10;23;9;27;5;6
9;57;54;12;18;48;54;12;63;3;50;16;56;10;43;23;61;5;6
0;40;10;30;29;11;27;13;27;13;31;9;32;8;26;14;35;5;6
2;26;24;4;7;21;17;11;27;1;12;16;28;0;7;21;24;4;6
0;32;19;13;14;18;15;17;32;0;17;15;24;8;16;16;27;5;6
0;32;7;25;26;6;12;20;29;3;27;5;29;3;19;13;27;5;6
1;31;20;12;23;9;23;9;30;2;26;6;31;1;15;17;28;4;6
1;31;22;10;15;17;17;15;32;0;21;11;28;4;18;14;26;6;6
0;32;14;18;22;10;16;16;30;2;27;5;23;9;22;10;25;7;6
0;50;23;27;34;16;32;18;40;10;37;13;41;9;32;18;44;6;6
0;45;29;16;10;35;16;29;37;8;31;14;12;33;34;11;30;15;6
1;35;25;11;23;13;20;16;36;0;7;29;30;6;18;18;13;23;6
0;72;24;48;61;11;29;43;68;4;55;17;53;19;52;20;63;9;6
16;61;65;12;5;72;66;11;72;5;48;29;69;8;60;17;71;6;6
2;34;29;7;2;34;27;9;27;9;19;17;27;9;18;18;30;6;6
0;32;15;17;20;12;15;17;27;5;22;10;26;6;5;27;19;13;6
4;24;23;5;8;20;23;5;25;3;22;6;25;3;15;13;24;4;6
0;44;17;27;36;8;28;16;34;10;29;15;29;15;25;19;37;7;6
0;24;9;15;21;3;12;12;24;0;22;2;22;2;17;7;19;5;6
0;50;15;35;38;12;19;31;49;1;25;25;44;6;20;30;44;6;6
0;36;9;27;28;8;14;22;34;2;23;13;31;5;13;23;26;10;6
0;36;10;26;31;5;16;20;36;0;28;8;34;2;20;16;32;4;6
0;36;13;23;29;7;22;14;31;5;30;6;31;5;22;14;29;7;6
0;36;16;20;29;7;19;17;34;2;26;10;33;3;24;12;31;5;6
0;32;7;25;26;6;12;20;29;3;27;5;29;3;19;13;27;5;6
9;23;32;0;6;26;27;5;31;1;23;9;21;11;25;7;29;3;6
0;24;12;12;11;13;14;10;15;9;12;12;17;7;12;12;10;14;6
0;32;16;16;19;13;16;16;32;0;18;14;31;1;12;20;29;3;6
1;65;37;29;43;23;39;27;59;7;56;10;59;7;41;25;60;6;6
0;50;26;24;32;18;36;14;37;13;37;13;43;7;27;23;43;7;6
0;32;16;16;24;8;13;19;31;1;24;8;25;7;17;15;23;9;6
0;36;17;19;28;8;20;16;34;2;28;8;33;3;15;21;21;15;6
0;45;23;22;37;8;26;19;40;5;40;5;36;9;29;16;41;4;6
0;32;23;9;11;21;17;15;30;2;22;10;28;4;12;20;27;5;6
2;26;24;4;10;18;19;9;25;3;20;8;23;5;10;18;23;5;6
21;11;21;11;26;6;24;8;26;6;22;10;29;3;19;13;30;2;6
2;30;23;9;21;11;23;9;30;2;26;6;26;6;18;14;22;10;6
0;112;47;65;83;29;72;40;92;20;103;9;60;52;83;29;65;47;6
6;34;32;8;5;35;31;9;35;5;27;13;29;11;21;19;38;2;6
0;45;24;21;38;7;29;16;42;3;40;5;41;4;31;14;42;3;6
0;32;23;9;19;13;22;10;30;2;27;5;25;7;22;10;25;7;6
0;72;27;45;57;15;33;39;69;3;53;19;59;13;48;24;64;8;6
0;36;21;15;23;13;23;13;35;1;28;8;26;10;30;6;32;4;6
4;28;24;8;4;28;23;9;24;8;22;10;20;12;13;19;26;6;6
0;32;13;19;26;6;16;16;31;1;27;5;31;1;14;18;28;4;6
0;32;15;17;25;7;17;15;30;2;29;3;26;6;19;13;25;7;6
1;39;34;6;10;30;23;17;39;1;19;21;34;6;26;14;39;1;6
0;32;18;14;23;9;22;10;27;5;22;10;31;1;9;23;24;8;6
0;32;17;15;26;6;22;10;28;4;27;5;28;4;20;12;29;3;6
